Date,Open,High,Low,Close,Volume,Ticker
2023-05-08,477.8439958841797,480.6109360994712,476.2395739956833,479.4676513671875,1015000,COST
2023-05-09,477.450164818542,482.042508758193,476.9025643578359,481.12982177734375,1571800,COST
2023-05-10,482.2442041287743,485.14563288255056,475.66311903796515,480.0440979003906,1257600,COST
2023-05-11,479.90001492160536,483.25299350623607,478.0169403975017,482.18658447265625,1046700,COST
2023-05-12,483.41631385498323,486.1640204738916,481.52365192563934,484.2809753417969,1472800,COST
2023-05-15,484.2233504734328,485.1744752109116,479.27550811221266,482.3306884765625,1135700,COST
2023-05-16,480.3707970362366,480.6494203079795,474.89455822222084,476.67193603515625,1229300,COST
2023-05-17,478.4492716471354,478.45888844447,472.58874257631186,475.5670471191406,2069500,COST
2023-05-18,475.5670749217256,479.0257504214211,474.6831797808845,478.5453796386719,2298900,COST
2023-05-19,479.7847270890678,479.7847270890678,474.5294697433648,477.0273742675781,1635000,COST
2023-05-22,477.488576149942,477.488576149942,469.36071040723385,472.5599670410156,1943800,COST
2023-05-23,468.04450111763947,468.04450111763947,464.0093746444467,465.83477783203125,1800200,COST
2023-05-24,468.12130672264124,468.12130672264124,462.0302089898344,463.8075866699219,1600600,COST
2023-05-25,461.35760320839853,469.360595206983,458.033446291131,467.4486999511719,3421900,COST
2023-05-26,466.5840657486282,490.69868130567056,465.1141325456908,487.345703125,5302600,COST
2023-05-30,489.77645532433024,494.580133875858,481.8983626880323,488.0855407714844,2544800,COST
2023-05-31,488.8828845274571,493.6962086170636,485.12641122566527,491.4768981933594,3320800,COST
2023-06-01,489.33446003831466,493.57133361272986,482.3883176904571,492.47607421875,2407700,COST
2023-06-02,490.2856201989078,498.14447880665966,489.4017250987075,492.4665222167969,2284800,COST
2023-06-05,492.46652562780423,498.5479772798232,491.9188959201752,497.904296875,2023500,COST
2023-06-06,497.90435917343274,498.2694456908655,492.6298969071232,495.99249267578125,1410300,COST
2023-06-07,494.3111125004686,498.9034263220081,490.5257886912131,491.1598815917969,1784700,COST
2023-06-08,492.37994438547355,499.86409843009324,492.37994438547355,499.6719970703125,1530400,COST
2023-06-09,497.846661109877,501.5647261796893,495.262264020929,496.972412109375,1287300,COST
2023-06-12,496.9723460183294,500.805694872069,495.74256886357466,500.5174255371094,1404500,COST
2023-06-13,501.5263977050781,502.4198804435284,497.5777047783532,501.5263977050781,1204700,COST
2023-06-14,504.38931705343293,507.1274070332615,502.602351832092,506.5029602050781,1841400,COST
2023-06-15,508.23219443638675,510.4034793562946,505.9840337864908,508.4051208496094,1871600,COST
2023-06-16,509.28902061489094,509.596464916432,502.1123101100256,503.09228515625,3147800,COST
2023-06-20,501.45906227998995,502.3717784776159,497.798639330783,499.2973937988281,1684400,COST
2023-06-21,497.5776308573431,501.16123671695703,496.2614196236466,499.22052001953125,1273600,COST
2023-06-22,500.24842440808015,504.0817730777127,499.27806624579233,503.6206359863281,1114000,COST
2023-06-23,502.5926883479461,504.7735902426268,498.9514992978761,503.85125732421875,1434300,COST
2023-06-26,503.81284335757397,504.2643636955082,500.7961011101239,502.87127685546875,1278500,COST
2023-06-27,502.1316731316841,511.5084628701022,501.6032182852883,509.5101623535156,1673600,COST
2023-06-28,508.21292619791535,512.5458789462185,507.85745659957973,511.8829650878906,1245200,COST
2023-06-29,509.7501804914387,511.5467621903364,508.1841673427096,510.81658935546875,1121800,COST
2023-06-30,513.1992756898142,518.3776864991704,512.6804963847482,517.2440185546875,2221900,COST
2023-07-03,516.1584319760426,519.8380887755496,513.3626996812568,519.7996215820312,951400,COST
2023-07-05,519.9726033501761,524.6130022570551,516.3986723136377,519.8861694335938,1630400,COST
2023-07-06,517.7244719689309,519.0887087112561,515.5147778721742,516.2737426757812,1750100,COST
2023-07-07,512.9302976238376,515.3994103353294,504.03382188021595,504.43731689453125,2740600,COST
2023-07-10,504.4469463379351,510.2978880677217,504.4469463379351,506.3204040527344,1955600,COST
2023-07-11,506.79107579818526,509.92310206592686,505.4940983962923,508.8470764160156,1262300,COST
2023-07-12,511.1145178358794,518.906117934789,510.25944376087375,516.8789672851562,1960500,COST
2023-07-13,516.6868348194231,517.9550208026321,511.8735098901342,517.3113403320312,1647200,COST
2023-07-14,517.5611110145929,525.39111960747,516.9750140926823,525.2374267578125,1828700,COST
2023-07-17,524.7376717731086,532.4524524937809,524.660796050838,531.2515258789062,1909900,COST
2023-07-18,530.9729482253648,533.2114921699723,527.8217468359933,531.8568725585938,1778800,COST
2023-07-19,532.711792815757,534.0664708244342,530.3484068551592,532.3563232421875,1261100,COST
2023-07-20,532.0681846355285,539.0431764801342,531.9721339525287,535.0945434570312,1732800,COST
2023-07-21,537.2177975101708,539.9847376665626,535.565350309579,535.959228515625,5264300,COST
2023-07-24,536.0938248456696,544.3273875793539,534.0570572990258,541.791015625,2086400,COST
2023-07-25,544.5195751718704,545.2689231823208,542.1465127542389,543.0015869140625,1602500,COST
2023-07-26,543.3089905456133,545.730078137407,541.3010148043376,543.9430541992188,1306400,COST
2023-07-27,545.4321606223853,548.7371138757271,538.5916855276325,539.7734375,1485300,COST
2023-07-28,542.4154386609116,545.5186148623187,540.5323642588748,541.2048950195312,1371400,COST
2023-07-31,540.8974797238019,542.1368151836408,537.1025389641901,538.658935546875,1365900,COST
2023-08-01,538.6206068247753,540.7822755809973,532.7696642567666,533.6631469726562,1445300,COST
2023-08-02,530.5790934493185,534.7775289808706,529.3877834091077,530.66552734375,1635000,COST
2023-08-03,531.7991792503456,538.3513835520017,530.5405518081974,535.7958374023438,1463400,COST
2023-08-04,539.0432610396396,539.2545960309915,529.7624649571569,530.3677368164062,1142000,COST
2023-08-07,533.2018905074628,537.5924859916757,533.2018905074628,536.4876098632812,1015400,COST
2023-08-08,536.093857741945,536.9585487100395,530.1757147909799,534.2876586914062,1020400,COST
2023-08-09,536.074483995296,540.0231758356484,534.9504329418542,537.7269897460938,1471800,COST
2023-08-10,541.0894216622149,546.8634852946406,538.6875688127191,539.446533203125,1107200,COST
2023-08-11,538.3514898792483,542.8189614244513,537.0833626690448,540.8590698242188,1043100,COST
2023-08-14,542.5981068150442,545.4226897489306,538.438078849367,539.4276123046875,1247600,COST
2023-08-15,539.0240025147183,542.9726359746188,536.2859127173291,536.583740234375,1124300,COST
2023-08-16,539.6485888897039,542.7709992079808,536.7855389387222,537.1026000976562,1340100,COST
2023-08-17,537.5060379085976,538.4187540937476,523.6810117992559,525.6312866210938,1941900,COST
2023-08-18,525.4486970591362,527.8985760271757,521.788274482676,523.5464477539062,1878100,COST
2023-08-21,522.5089684077786,523.7483627333547,515.2457634802224,521.884521484375,2076100,COST
2023-08-22,520.6834626417015,520.6834626417015,516.398534621129,517.234375,1286000,COST
2023-08-23,517.801274232275,519.9244754768732,515.1880267879113,519.6266479492188,1295800,COST
2023-08-24,519.0971007046923,520.7430935551326,510.9442749260108,511.80096435546875,1587500,COST
2023-08-25,512.9561059092606,515.7282741255354,510.69412098443087,514.0149536132812,1511500,COST
2023-08-28,515.9305151533813,516.9315532119552,513.1583464913781,516.1134033203125,945800,COST
2023-08-29,514.3326739594314,522.7357768011361,514.3326739594314,522.447021484375,1468500,COST
2023-08-30,522.4083670911358,524.0350902270727,519.1164397020661,521.9559936523438,1292800,COST
2023-08-31,519.7807010330906,531.523906398985,519.7807010330906,528.7132568359375,2086500,COST
2023-09-01,532.361278740026,532.755901165002,520.3967051634862,523.8715209960938,1437700,COST
2023-09-05,525.2962362421559,528.6267047606535,523.6310313578168,524.3336791992188,1714300,COST
2023-09-06,521.4362766751003,528.1356936050101,519.9539602530247,526.22021484375,1476600,COST
2023-09-07,528.1068468003521,530.3591969616513,523.9100542245159,528.0779418945312,1340000,COST
2023-09-08,528.510959415003,531.6970194110295,527.5772489631055,530.5515747070312,1075300,COST
2023-09-11,532.1109886274486,538.4446284210943,531.1965479752823,537.8574829101562,1388600,COST
2023-09-12,538.3387675872376,539.4168264477488,535.3548064109857,537.8670654296875,1055500,COST
2023-09-13,537.3954272308039,539.4553127966687,533.8532254048189,538.80078125,1162700,COST
2023-09-14,543.6617111030519,545.480957579249,539.2724543865512,543.6232299804688,1257300,COST
2023-09-15,544.1621790215993,544.3354321723257,534.7387116168782,535.5280151367188,2945300,COST
2023-09-18,537.2798553367389,543.0648301115746,536.5964189761379,541.6498413085938,1003100,COST
2023-09-19,540.6104416499711,544.1622787653995,538.4831698681667,543.2189331054688,1144700,COST
2023-09-20,543.2188733445741,547.9065199737877,541.592150102109,542.7183837890625,1311500,COST
2023-09-21,542.9494583669423,543.4307367998646,533.5260478002548,534.2960815429688,1687700,COST
2023-09-22,534.3730001022916,541.8905662599129,534.0072825729956,537.6746215820312,1527300,COST
2023-09-25,538.5408498221184,540.254228983461,533.968705402549,537.7034301757812,1313300,COST
2023-09-26,538.2136611028131,540.3505090103528,531.3313564460268,532.2554321289062,2425100,COST
2023-09-27,526.8842523688572,545.2883304183875,524.3334538016691,542.4295654296875,4591400,COST
2023-09-28,542.9494273743196,550.755749010765,542.9494273743196,547.3386840820312,2192400,COST
2023-09-29,548.6574794153822,549.6104014270279,539.7057112380418,543.8062133789062,1887500,COST
2023-10-02,546.6455575982588,550.3321662628256,542.8819866964277,549.9182739257812,1831700,COST
2023-10-03,549.716148321871,554.6155881353159,541.9290969457348,543.883056640625,2007400,COST
2023-10-04,548.1664498072938,551.1696222530481,542.6510182722687,550.3899536132812,1798800,COST
2023-10-05,550.7460525140363,553.22946525866,543.2284870107526,548.1953125,1579700,COST
2023-10-06,544.8937183918266,545.7215030086628,522.3121182932642,536.6542358398438,4246700,COST
2023-10-09,534.2190219568026,538.7911667393158,529.1945036799259,538.0403442382812,1781500,COST
2023-10-10,538.9547885397591,545.7215910629217,536.3751433583948,541.0435791015625,2176800,COST
2023-10-11,543.7001374739315,545.2883795550797,539.2242839948949,544.3450927734375,1449800,COST
2023-10-12,546.780427072414,547.8296399275524,541.3227459814351,542.6703491210938,1458000,COST
2023-10-13,542.7376284728615,546.1932332366397,540.9376519558748,545.61572265625,1243900,COST
2023-10-16,548.3589077862422,552.6037568208723,547.2327329402867,550.8134155273438,1428300,COST
2023-10-17,550.5246185157738,554.4903469671752,549.3406927098326,552.8347778320312,1404600,COST
2023-10-18,552.4305248175067,555.6839711635109,550.5824324034387,553.1235961914062,1311900,COST
2023-10-19,552.2188289285033,554.2882907274867,542.9878836838851,544.4509887695312,2019600,COST
2023-10-20,545.3268848489971,545.4520219275951,531.3409656969061,532.2265014648438,2295400,COST
2023-10-23,533.3913614409446,536.0672394080348,526.1625488170035,531.610595703125,1776500,COST
2023-10-24,531.4276446450986,535.1720051118059,528.7614019636322,531.1774291992188,1678600,COST
2023-10-25,528.01052229962,533.092850417094,525.1806029500731,529.3966064453125,1757500,COST
2023-10-26,529.0694189988375,533.8917796761951,525.1036893051981,527.0961303710938,1925300,COST
2023-10-27,527.0960371065494,527.50998819655,520.0019987702483,522.6972045898438,1503100,COST
2023-10-30,525.3056724463635,535.5280196744187,523.284326920964,534.1034545898438,1696200,COST
2023-10-31,531.4853387076456,533.2853739797978,528.5014361170713,531.7548828125,1394700,COST
2023-11-01,534.2190086807385,537.5302063277787,529.0693534483319,535.9515991210938,1735300,COST
2023-11-02,536.6459462892353,539.5485690008502,532.3161438487042,536.1348266601562,2100600,COST
2023-11-03,537.4463963610176,542.9044411042601,535.4212818334951,540.8890380859375,1826800,COST
2023-11-06,540.4936896493199,552.2198968154689,540.1465473019529,549.4908447265625,2056900,COST
2023-11-07,552.0750758465454,553.4154993268317,549.2399630590721,550.8889770507812,1373100,COST
2023-11-08,551.7087008981514,552.5476575505805,544.1580321686603,547.1378173828125,1343600,COST
2023-11-09,548.6999308455353,548.6999308455353,541.9593207256538,543.1743774414062,1288400,COST
2023-11-10,547.639180559457,557.2727601166947,544.784762637542,556.5302124023438,1908800,COST
2023-11-13,554.4859622196983,559.2593748833765,553.0298244495178,557.6007080078125,1650700,COST
2023-11-14,560.9855819197523,570.445593748786,560.4745210356974,569.7223510742188,2037600,COST
2023-11-15,572.7983311554182,578.4878616083097,572.2197607754301,575.4888305664062,2165100,COST
2023-11-16,565.459881085469,565.6624101599507,551.824335986604,557.9381713867188,2954700,COST
2023-11-17,558.2468922805131,559.2304622177845,553.5795406884062,556.559326171875,1773600,COST
2023-11-20,556.7424584321207,561.5447697913673,556.7424584321207,560.0789794921875,1624100,COST
2023-11-21,561.2360481182254,564.0808130546081,557.0991231790838,563.4539794921875,1173700,COST
2023-11-22,565.9131176029725,570.0501023205298,565.4309559422875,568.0635986328125,1068600,COST
2023-11-24,569.9345530729023,573.0010950588809,569.3462709449228,570.2623901367188,645800,COST
2023-11-27,571.3808701542827,578.5361326804148,571.2747498577053,573.6759643554688,1627400,COST
2023-11-28,572.0269449091256,576.1060136638343,570.3200738210708,572.8080444335938,1286800,COST
2023-11-29,573.9651203351121,573.9747729833206,566.4626583727319,566.886962890625,1319800,COST
2023-11-30,566.8582763191397,571.9113218354134,562.0366590161865,571.5930786132812,1755200,COST
2023-12-01,572.1138319073234,575.074253038078,569.5197995303749,574.9778442382812,1475300,COST
2023-12-04,571.0240340727023,578.1407443419112,570.3586486781788,577.706787109375,1624000,COST
2023-12-05,577.1764190335589,587.1571410581395,575.7299341686852,583.7530517578125,2349700,COST
2023-12-06,583.8977741756465,586.7714388540777,582.316269794411,585.7589111328125,2233900,COST
2023-12-07,588.2372014240037,590.5033375913588,584.7173979052211,589.1533203125,1690400,COST
2023-12-08,586.8871642311321,591.7184336068614,586.048207629582,588.9894409179688,1502100,COST
2023-12-11,599.7801978482494,602.7310839605029,596.6847573979613,601.602783203125,2139300,COST
2023-12-12,605.0550611419714,607.2247887370758,600.9759920976162,607.0415649414062,2374400,COST
2023-12-13,611.3038922949314,619.6742126048191,608.4880843593324,619.0956420898438,2436900,COST
2023-12-14,618.3048059031123,618.9991492844836,607.8129636994614,608.27587890625,3839200,COST
2023-12-15,618.6134039156736,638.266317699578,617.6490806048151,635.3154907226562,8807700,COST
2023-12-18,640.7927854444536,657.5816269580688,637.5140629239626,656.935546875,5733400,COST
2023-12-19,650.9183101148658,656.5113741932155,645.248083682588,653.560546875,3437300,COST
2023-12-20,647.8228142396033,650.2914798599577,637.2249091874847,637.4177856445312,3782700,COST
2023-12-21,642.1042983353502,643.5315368423633,635.9230118804439,641.4292602539062,2388400,COST
2023-12-22,644.1681073302716,649.2501110833239,642.2394603023367,647.6396484375,1641700,COST
2023-12-26,648.9992114781309,651.7475092466135,646.8487894267049,650.5517578125,1774800,COST
2023-12-27,653.5894460735997,659.3886147222746,651.3210777019497,657.633056640625,1875900,COST
2023-12-28,656.6961418762693,657.6922664398538,652.4947571823255,653.9839477539062,1496900,COST
2023-12-29,651.9127673859527,654.0726623211406,648.1255320846138,651.0054321289062,1947500,COST
2024-01-02,646.5674176982207,648.7568693097217,640.5709857648742,641.7052001953125,2657700,COST
2024-01-03,642.2574109159032,646.4391112251051,634.2588586532039,635.8270263671875,2612600,COST
2024-01-04,633.2529450532271,640.9654458889389,631.7045215929817,639.4367065429688,2171100,COST
2024-01-05,647.1591621844054,650.5814896822951,643.2733249027972,646.9915161132812,2233500,COST
2024-01-08,646.7941540946766,652.9779756191565,645.0386562058984,652.5933227539062,2245300,COST
2024-01-09,649.8219905980563,658.1163468528458,649.2105189215354,658.0078735351562,1886200,COST
2024-01-10,660.355149737315,664.5664667174532,659.8127229604706,663.5111694335938,1801900,COST
2024-01-11,661.7753372958431,665.237092730356,658.4615437945921,664.3198852539062,1670800,COST
2024-01-12,668.1859670415155,674.3204277636372,666.8150618281309,673.8470458984375,2388400,COST
2024-01-16,673.8471577190057,677.0820948575303,668.8369780953263,672.1212158203125,1626700,COST
2024-01-17,671.1448444209689,675.4547631469721,669.8528560188319,674.7841186523438,1786800,COST
2024-01-18,673.4426928252725,678.2654209518913,670.8587165460403,677.861083984375,1900600,COST
2024-01-19,679.0347476302406,686.5598579280156,673.2848795354229,685.415771484375,2267900,COST
2024-01-22,685.8694027358913,689.05497827661,681.0269306199972,682.9895629882812,2452900,COST
2024-01-23,681.2242438010011,682.1217672145193,675.2180002628372,678.1373291015625,2208600,COST
2024-01-24,679.527841138429,680.4844769843827,673.7286727437977,677.0720825195312,1946500,COST
2024-01-25,677.0622813969267,677.0622813969267,666.6672026364506,670.5530395507812,2751900,COST
2024-01-26,670.7304474189655,677.7919870467425,670.1584042587411,677.4369506835938,1825500,COST
2024-01-29,680.4155114819717,684.5873396053984,676.8255385276702,684.468994140625,2215400,COST
2024-01-30,683.4138099202,692.9903433680622,681.3032151226405,691.1065673828125,1610500,COST
2024-01-31,691.6784938032245,695.8207656434338,683.512295587149,685.3270263671875,1928500,COST
2024-02-01,685.4653067872677,696.6263292645006,682.9960513593596,695.81640625,2039200,COST
2024-02-02,694.690558608497,705.496024125904,693.623823250345,700.7550048828125,2377400,COST
2024-02-05,701.9007424633546,704.0934125250611,697.0017175935486,702.414306640625,2276900,COST
2024-02-06,702.4834195062948,703.9550861452417,695.6781971346119,702.048828125,1920200,COST
2024-02-07,705.367576312287,714.4247889413406,703.2439923899819,710.9283447265625,2145500,COST
2024-02-08,714.9877559322763,719.2150899761003,711.7974368510445,715.25439453125,1918500,COST
2024-02-09,716.2223763347039,716.607594654844,711.2640920788534,714.5037841796875,1426100,COST
2024-02-12,714.6223352306552,714.8988605064997,706.5033915692394,713.5259399414062,1572600,COST
2024-02-13,712.5185168924389,712.9037352254185,700.3203583399984,705.46630859375,1951100,COST
2024-02-14,707.1947747320299,713.6642120808373,702.325410123399,713.2987670898438,1472500,COST
2024-02-15,712.6172786391172,717.1014853854687,709.4467930346308,715.6001586914062,1264100,COST
2024-02-16,713.1110824697663,720.0941440692853,709.6640115304086,715.0864868164062,1764900,COST
2024-02-20,719.0768134833851,725.9215820371996,714.8099330307693,716.7655639648438,2407300,COST
2024-02-21,716.7656270538765,719.8274798246615,711.412297896592,714.1284790039062,1564200,COST
2024-02-22,716.9236884383564,726.9982639285298,716.9236884383564,725.3685913085938,1801600,COST
2024-02-23,731.01817284361,733.378795651934,728.055066140644,728.8551025390625,1265800,COST
2024-02-26,732.8749987512093,737.5962439870287,729.9118922872556,736.1837768554688,1707000,COST
2024-02-27,736.8258108604399,737.4579547107046,732.2132586560427,735.5516967773438,1471300,COST
2024-02-28,734.0701335569737,742.6334942822537,734.0701335569737,738.76171875,1365000,COST
2024-02-29,742.1792493348131,743.305244431099,733.8529261356637,734.7418823242188,3361200,COST
2024-03-01,731.3341912836888,742.1396553479573,730.1588232994607,740.2235107421875,1678100,COST
2024-03-04,745.7941950882166,755.3353718282207,744.4015012249359,749.84375,2133400,COST
2024-03-05,758.9700561769843,759.8096391607853,747.5917685980692,750.604248046875,2353400,COST
2024-03-06,755.4342330729023,765.6272674807428,754.2686913402449,763.7308959960938,2400600,COST
2024-03-07,769.5286041812138,777.4006216295232,767.4544537892998,775.928955078125,4187900,COST
2024-03-08,746.752301114613,746.9201936235196,716.1829033125,716.6372680664062,8590200,COST
2024-03-11,710.9579151699612,711.1455809985514,702.2661479035571,705.2984008789062,3762500,COST
2024-03-12,708.2615612924278,730.9490535182756,708.0936085014908,727.8180541992188,3727400,COST
2024-03-13,725.9611091672192,727.442662451234,717.644673612626,725.1709594726562,2270300,COST
2024-03-14,729.2500914377082,731.5711672049863,720.0249275127361,722.9485473632812,1826100,COST
2024-03-15,723.5117041769548,723.5117041769548,714.326024608946,716.7064208984375,3390700,COST
2024-03-18,717.1705983798759,724.3216134960528,717.0916256026932,722.543701171875,1595200,COST
2024-03-19,722.7906229042485,726.3068405762231,721.0424308787785,723.1659545898438,1322700,COST
2024-03-20,722.0103419129074,732.9639863475727,720.1633435354299,731.6107788085938,1398700,COST
2024-03-21,734.3565430113488,743.0581964761334,731.9860337553249,733.4281005859375,2106900,COST
2024-03-22,735.27518845588,735.6307468022869,725.3487927690358,725.7636108398438,1794100,COST
2024-03-25,722.0103115810565,725.1314240224666,717.8026905438236,721.9708251953125,1604700,COST
2024-03-26,722.0103128859682,725.6648231065982,721.23987622838,721.9905395507812,1353500,COST
2024-03-27,724.9734588619237,726.8402306016751,718.8003197367372,723.0770874023438,1246700,COST
2024-03-28,724.8252069580147,725.862342455027,719.363245353981,723.6202392578125,1713300,COST
2024-04-01,722.7609463664472,724.2523862820765,711.3431117431544,712.3703002929688,1600700,COST
2024-04-02,711.1456341070602,711.1456341070602,699.6883118936048,702.5526123046875,2326700,COST
2024-04-03,701.2488175900232,702.068627329515,688.6951606923277,697.0115966796875,3205500,COST
2024-04-04,700.0536012237906,708.3107758929591,695.5595086689452,696.21142578125,2252400,COST
2024-04-05,697.3572641297598,708.0738695476764,697.3375510785654,704.9428100585938,1552900,COST
2024-04-08,704.7354413294307,707.3331030670653,702.1278929237765,703.0563354492188,1459000,COST
2024-04-09,707.431793414578,710.2072341041102,698.2856616642565,709.7529296875,1386400,COST
2024-04-10,702.2563598136323,715.0767168240915,700.2315820848663,713.6939697265625,1832000,COST
2024-04-11,722.5041662006487,724.7659825578104,715.2445790751354,723.3436889648438,2107800,COST
2024-04-12,719.0472362919609,723.8870014192889,717.6051693079444,722.3165283203125,1481800,COST
2024-04-15,726.3858341940966,731.8873427767817,709.1208187324725,709.44677734375,1808000,COST
2024-04-16,709.4665242879787,713.6148858543559,703.3724181977994,707.1651611328125,1412300,COST
2024-04-17,714.1086041571564,714.8987537645972,702.2561791918924,706.3946533203125,1376700,COST
2024-04-18,706.3947228193074,710.108492652666,700.8438414038799,702.503173828125,1846400,COST
2024-04-19,704.2612766771555,706.07861483181,693.3668932778144,700.7845458984375,2190400,COST
2024-04-22,706.0688414812845,709.4270533664616,697.4857062072409,706.6614990234375,1437100,COST
2024-04-23,710.1874650343347,715.3630143573504,707.4909973263118,713.7925415039062,1176200,COST
2024-04-24,710.8592048166759,716.5088327243898,707.2837275107033,714.98779296875,1206600,COST
2024-04-25,719.4988991869126,719.4988991869126,706.7568710898923,714.1270751953125,1613600,COST
2024-04-26,707.3405628329058,723.1197105415956,707.3405628329058,721.36865234375,1524400,COST
2024-04-29,721.715048965489,724.4058823929801,712.5047229692639,718.54931640625,1526900,COST
2024-04-30,717.7379706604842,717.7379706604842,709.4180291240963,715.1559448242188,1734800,COST
2024-05-01,714.5327890532772,722.0414482800945,707.6572280138375,714.4832763671875,1609100,COST
2024-05-02,716.9861265933669,726.5327752669372,712.9102668615202,724.59375,1826900,COST
2024-05-03,726.4140286571385,739.4824774234784,725.4939381792909,735.9309692382812,2323300,COST
2024-05-06,741.5600597121004,748.8312988416482,738.4833296308352,748.3465576171875,1773300,COST
2024-05-07,750.5624994313898,763.9673323307675,747.4759274114155,763.0473022460938,1897800,COST
2024-05-08,761.7514262603967,765.1051256025927,754.5395416373628,755.2319946289062,1511900,COST
2024-05-09,755.617667389032,771.3572629730448,755.4297003768978,770.6943969726562,1716200,COST
2024-05-10,770.6945455577468,779.0144876057169,769.8239676896313,778.7572631835938,1652700,COST
2024-05-13,779.5585730395877,781.022699260838,765.2930637747442,766.8462524414062,1596800,COST
2024-05-14,766.6285571797936,772.4455725258581,763.1660509205321,769.5667724609375,1327700,COST
2024-05-15,770.1801974720355,781.2008153861029,770.1801974720355,778.60888671875,1661700,COST
2024-05-16,783.3277678186744,795.941184004985,779.3904227154798,784.5742797851562,2000000,COST
2024-05-17,785.1084674525276,789.0557150626657,782.140604842641,787.284912109375,1309100,COST
2024-05-20,786.7307793904673,794.3779514229764,783.901432009543,784.5048828125,1347100,COST
2024-05-21,787.0475306958617,792.85464398526,783.5157667741137,792.35009765625,1375700,COST
2024-05-22,791.4695700245546,797.7119718941091,789.4613477464285,793.2700805664062,1192800,COST
2024-05-23,795.6838936554879,799.3937216381984,786.9089186975551,787.8092041015625,1519200,COST
2024-05-24,792.0532936073874,808.1193137101079,790.5298125222398,801.0557861328125,1623000,COST
2024-05-28,801.0656743599101,806.5562080715735,796.0994316405197,804.4589233398438,1986300,COST
2024-05-29,798.3748928200584,804.7261022619007,797.6526718176923,797.8802490234375,2282800,COST
2024-05-30,801.5207605477835,810.7211224048513,799.6410901078013,806.605712890625,2277800,COST
2024-05-31,800.3633385234913,803.0442691498745,779.7564618739088,801.214111328125,4360700,COST
2024-06-03,802.312164738554,819.04098984245,798.4836269333772,806.6551513671875,2008700,COST
2024-06-04,806.2495795761143,819.1400258376625,804.3303592391181,818.5266723632812,1754500,COST
2024-06-05,822.008910500165,825.4516723126096,812.8778055257693,825.3626098632812,2080000,COST
2024-06-06,826.470533180318,839.9941365644805,825.3823411001761,833.6132202148438,1735000,COST
2024-06-07,837.6098594820999,841.2702349859773,833.2668732480904,836.5216674804688,1593600,COST
2024-06-10,838.104650886078,840.3800002603946,833.7122115836166,839.2522583007812,1401600,COST
2024-06-11,840.1425956492646,841.8243966533088,831.258812282194,840.2118530273438,1690500,COST
2024-06-12,843.1796380481454,846.572886973017,834.5728246061445,838.7278442382812,1838300,COST
2024-06-13,838.7278628658552,838.7278628658552,828.5777630929274,836.897705078125,1322400,COST
2024-06-14,834.3848896060176,847.0082084215464,832.8910557425518,846.503662109375,1395500,COST
2024-06-17,845.3362664460923,861.2341238212155,844.2282692762934,858.6124877929688,1904900,COST
2024-06-18,858.7015175831718,864.5976925978596,858.4047434206389,861.4220581054688,1763800,COST
2024-06-20,861.9760861027086,864.488854606377,851.3412455160424,853.2011108398438,1944600,COST
2024-06-21,857.356129849264,857.682551248329,838.5695699650845,839.2224731445312,3833100,COST
2024-06-24,840.8943511607049,841.517607098541,832.4953101848279,839.0740356445312,1722900,COST
2024-06-25,840.2216450320633,846.5234014137028,835.9479158967505,846.3453369140625,1564200,COST
2024-06-26,843.5852127388736,850.5300303497681,840.9537345419236,847.6611328125,1505300,COST
2024-06-27,848.5218265997092,849.1351800360011,839.5489814832227,841.5077514648438,1254900,COST
2024-06-28,842.1310334680527,848.056856277495,837.7385942967373,840.884521484375,2131700,COST
2024-07-01,844.3568555696141,846.8300742443934,831.4961184607624,836.6107177734375,1989000,COST
2024-07-02,836.6305701971899,851.1434012954354,834.0485442460963,850.1541137695312,1377900,COST
2024-07-03,845.8408462226881,854.269595380754,845.8408462226881,853.4187622070312,814400,COST
2024-07-05,855.2984061581584,877.4386654347092,849.5209405392212,876.1822509765625,2620700,COST
2024-07-08,877.2902652209407,878.4378725669633,868.2580652597633,871.404052734375,1611300,COST
2024-07-09,874.3817468271254,887.0644200274677,873.5111689825768,877.349609375,1356800,COST
2024-07-10,877.8937780620844,880.7330284419918,871.2655395364246,874.8368530273438,1755800,COST
2024-07-11,881.2176830089157,881.2176830089157,837.4516166574069,837.5208740234375,6021100,COST
2024-07-12,840.7855320325511,840.8943391613977,829.3988237318376,833.8704223632812,3288400,COST
2024-07-15,837.788098506476,848.709872463914,835.6215562056864,839.6380615234375,2064000,COST
2024-07-16,838.7179127184282,842.1210640618405,832.3271542473799,841.6561279296875,1687600,COST
2024-07-17,838.9256814083145,840.8449015252331,833.6231150333716,837.2142333984375,1783100,COST
2024-07-18,840.33046458799,846.1375773182774,816.2709856082496,830.3782348632812,2338500,COST
2024-07-19,827.5489702653612,839.7864529038345,826.6091349800804,829.151611328125,1984400,COST
2024-07-22,836.6899477093593,840.4888384795688,829.6165175549135,838.342041015625,1920200,COST
2024-07-23,839.8062370875896,845.4253832043839,836.5217951299163,842.9818115234375,1744100,COST
2024-07-24,835.5521493571063,836.9371759284257,820.6139331354955,821.9197998046875,2511300,COST
2024-07-25,826.836598147866,827.6874313085151,805.557074221756,807.2091674804688,2183700,COST
2024-07-26,810.3893445872131,814.6295525782995,801.4829970396819,809.9930419921875,1441500,COST
2024-07-29,814.9068564986898,816.0758704611562,806.5156908441407,807.9719848632812,1320400,COST
2024-07-30,810.3893485695547,814.3521326701393,795.8063321037009,802.4935302734375,2017200,COST
2024-07-31,812.7867952059192,817.7997145460977,803.7219630883341,814.3521118164062,2135000,COST
2024-08-01,810.9340792934815,816.5017851562334,802.1466119048516,809.28955078125,1861400,COST
2024-08-02,808.6060384834691,822.5649104191882,797.5201484939566,814.4313354492188,2598500,COST
2024-08-05,790.5754292986556,803.2761596168964,785.6219491652054,794.3698120117188,2820900,COST
2024-08-06,797.5697507194769,825.3389897162774,797.5697507194769,809.27978515625,2476300,COST
2024-08-07,816.4424340988937,826.0720302850574,801.7306232615091,802.7609252929688,1702000,COST
2024-08-08,813.8567023681217,834.9189074078851,812.8164837403525,831.619873046875,2345000,COST
2024-08-09,830.6985204294971,849.789249962302,829.836619825289,846.9756469726562,1710600,COST
2024-08-12,849.2740122948129,862.1530582672043,844.4691616381771,855.5352172851562,1748200,COST
2024-08-13,856.8727880912601,859.9736714835605,848.1942812468212,856.7737426757812,1484100,COST
2024-08-14,856.8232263179045,858.665906326261,850.5124977705483,854.683349609375,1341500,COST
2024-08-15,864.7487742208415,872.1393878203489,860.9147857087502,869.1870727539062,1923800,COST
2024-08-16,869.1871053906087,869.1871053906087,860.538348720066,862.4900512695312,1516300,COST
2024-08-19,862.4899465640813,865.5016402493743,860.6175168522178,864.2335205078125,1318400,COST
2024-08-20,863.8867947634038,868.6025167582069,863.0645002641561,868.0477294921875,1104600,COST
2024-08-21,872.5455722674366,882.8290014304547,869.0583030502528,873.21923828125,1465500,COST
2024-08-22,874.0909693981248,875.7751645002348,865.0558277420205,869.3950805664062,1440900,COST
2024-08-23,874.2792363441631,876.3299841630298,863.5598991898189,871.02978515625,1305800,COST
2024-08-26,874.9528674844389,884.9390989321943,873.2389829535842,884.2059936523438,1737000,COST
2024-08-27,884.384339909587,910.3801910776244,878.8166336975582,900.4435424804688,2098900,COST
2024-08-28,902.4844149634324,903.7326410825531,873.4569749142091,879.7875366210938,1668400,COST
2024-08-29,882.7100123456739,892.0820169610205,876.9342385439327,878.3806762695312,1709900,COST
2024-08-30,882.2147572553372,887.9905316648947,874.8835829239102,884.0772705078125,1933500,COST
2024-09-03,888.3371788827071,888.5452467867718,866.3041120756425,870.3956909179688,1784200,COST
2024-09-04,869.2860817084513,883.4629368385557,868.434097793486,881.7391357421875,1425200,COST
2024-09-05,880.3621237565316,880.3621237565316,860.6175612478453,877.7367553710938,1998800,COST
2024-09-06,882.9677413158497,884.8896940064974,862.8962303473555,868.5233764648438,2074600,COST
2024-09-09,876.5082493748114,890.4671807094958,873.4965557153226,888.14892578125,1954000,COST
2024-09-10,884.2950819644693,892.3098379099367,879.2623906373079,885.9693603515625,1360800,COST
2024-09-11,886.6728618071638,893.6077333520244,869.7022356035727,892.0226440429688,1796100,COST
2024-09-12,892.042426800596,907.1802898803502,888.1688322571919,906.5165405273438,1867300,COST
2024-09-13,905.1294726174829,915.2345825857421,900.8991819027177,907.4774169921875,1327500,COST
2024-09-16,913.4216958075078,914.0458391138263,896.9265835130075,899.4231567382812,1661000,COST
2024-09-17,899.9779546532601,900.1463560414154,887.1187399995295,888.9218139648438,1387000,COST
2024-09-18,891.5669507252278,896.5600367413742,882.6606034592241,884.2160034179688,1338200,COST
2024-09-19,895.8467663074279,896.7086669820333,887.1682597533332,892.3594970703125,1747500,COST
2024-09-20,893.1816827498162,899.3636153036985,887.3663028304427,898.5413208007812,4658200,COST
2024-09-23,898.5412989573778,910.9448302974708,892.3990330866695,908.54736328125,1697600,COST
2024-09-24,903.5245952596923,904.2775338333118,889.1793376941994,893.1519775390625,2432600,COST
2024-09-25,894.5984623429634,901.8899701816949,892.7458657134786,899.968017578125,1728100,COST
2024-09-26,896.8770504515314,900.7803949959571,889.7737772703111,893.052978515625,2738600,COST
2024-09-27,884.9490583900026,885.1768991049606,865.8682450542034,877.380126953125,3459100,COST
2024-09-30,883.0766407028074,901.5333110173922,873.2092873107033,878.2717895507812,2142900,COST
2024-10-01,877.0135073969423,878.7373085133338,864.6298091846161,869.2167358398438,1836700,COST
2024-10-02,866.5121742558712,873.0309095995018,859.0918113339158,870.3560791015625,1317100,COST
2024-10-03,866.3041684098963,872.9814494340707,864.5506172299323,867.522705078125,1451900,COST
2024-10-04,869.8211351807363,876.0625076276386,867.5227133002763,874.8934936523438,1516400,COST
2024-10-07,873.3975208946252,879.4507190734982,864.2138106025471,865.4620971679688,1963200,COST
2024-10-08,868.5431181236887,883.0171708855254,868.5431181236887,882.1354370117188,1697900,COST
2024-10-09,883.9384835148237,901.5332520426401,879.6091473506385,900.6416015625,1956500,COST
2024-10-10,901.5332382502733,901.5332382502733,883.542227925518,885.3155517578125,1765800,COST
2024-10-11,886.1775005100966,886.1775005100966,877.2612372293913,880.7584228515625,1527300,COST
2024-10-14,884.1465416930639,886.8412054364451,878.0141318361727,881.4815673828125,1431500,COST
2024-10-15,883.789986319849,892.2703413260296,881.2735798802303,886.2864990234375,1613900,COST
2024-10-16,881.6401252483756,883.0370404032853,871.3170903526377,879.123779296875,1475500,COST
2024-10-17,883.2647828675676,886.9997255430965,874.5862776130247,877.0531005859375,1321500,COST
2024-10-18,877.5188149182333,882.3236658729296,875.5275064734412,881.283447265625,1654000,COST
2024-10-21,880.7286416534287,883.1063359640386,875.4779655570494,878.5194091796875,1184900,COST
2024-10-22,882.6902843350256,886.5639394759775,876.0823590835759,885.1769409179688,1189700,COST
2024-10-23,887.6833603064026,897.2534561016876,886.6629145043743,890.8040161132812,2193500,COST
2024-10-24,893.112384018547,895.0937758854767,879.9955795342377,885.1075439453125,1649600,COST
2024-10-25,887.3168759398679,893.2313018979479,881.7194194832016,882.9280395507812,1425800,COST
2024-10-28,887.6535789170819,887.6535789170819,881.7193203570833,882.67041015625,912500,COST
2024-10-29,881.719370121089,882.8784674183872,865.9574246158761,878.7373657226562,1361700,COST
2024-10-30,878.1330400423127,878.3212746827248,869.2068602743641,870.910888671875,1412200,COST
2024-10-31,869.0384909134162,869.4843161800019,860.5680527174168,866.0465698242188,1771900,COST
2024-11-01,867.2865507151091,872.3854475553421,860.4119132347095,870.30224609375,1625200,COST
2024-11-04,874.3001716699699,879.9149348046558,869.7269488223757,878.9923706054688,1576700,COST
2024-11-05,880.9069205792845,888.4263907510779,879.7164937122197,883.0595703125,1622300,COST
2024-11-06,891.1048547503914,892.7119098629576,879.2007069253809,892.0670776367188,2437400,COST
2024-11-07,891.4421154221552,912.135478101056,887.2260630183245,906.6298217773438,2145500,COST
2024-11-08,906.6993340778528,954.3159293029479,906.451330977722,936.2612915039062,3277100,COST
2024-11-11,936.2612244817859,943.6815178789057,923.9999666204759,925.428466796875,2181800,COST
2024-11-12,928.4738639935833,932.0550136325708,919.5953423756853,924.932373046875,1691400,COST
2024-11-13,922.5714200176857,930.1008198607203,915.825748626006,926.2716064453125,1757600,COST
2024-11-14,919.5953363721537,923.7122113419514,914.8039003522853,916.5101928710938,1859900,COST
2024-11-15,910.4093390219765,913.1968911033883,898.3266367323894,899.8245849609375,2269900,COST
2024-11-18,903.3661385259051,918.543915330896,899.8643058768836,912.165283203125,1797300,COST
2024-11-19,920.5874251898576,926.5394990596196,909.040387351089,922.7202758789062,1690500,COST
2024-11-20,917.6907721279044,921.3810288881608,909.1792894857659,920.6668090820312,1452100,COST
2024-11-21,927.5314034221584,950.8337602226532,922.5713424412912,948.0164794921875,2320500,COST
2024-11-22,955.0499394207311,968.501624172839,950.8636764574613,956.309814453125,2078700,COST
2024-11-25,967.2119388902729,967.2119388902729,942.1041113908313,953.2146606445312,3240900,COST
2024-11-26,956.2998976695188,966.5870608120498,953.2147538173892,963.739990234375,1438000,COST
2024-11-27,963.7002602541495,964.5235868428007,950.9330672010396,953.869384765625,1499500,COST
2024-11-29,960.3571776472606,965.49579390024,954.7820130293426,964.1168823242188,1095900,COST
2024-12-02,963.6010358591951,968.6999935208835,957.0537790160455,967.2119750976562,1955800,COST
2024-12-03,966.9044978805764,975.1481178999209,963.0058966993469,974.304931640625,1653900,COST
2024-12-04,974.1559679494591,983.2329036824959,969.7415016063558,983.0046997070312,1784700,COST
2024-12-05,978.778819211381,982.2211333417459,970.3864339901679,974.4140014648438,2089400,COST
2024-12-06,974.4139717468364,989.7405732663084,974.4139717468364,984.6812744140625,1737300,COST
2024-12-09,989.0461132793307,989.0461132793307,972.6679818373667,979.9691772460938,1855500,COST
2024-12-10,981.8242981799673,987.0422924798961,978.005075106738,985.4650268554688,1556800,COST
2024-12-11,987.0522723782124,999.7500181445071,985.6535616281603,986.7447509765625,1903600,COST
2024-12-12,993.6788778816828,994.4625458050733,979.3244888987773,980.4950561523438,2344300,COST
2024-12-13,973.1641693672418,998.6390406635553,958.0161205666807,981.4474487304688,2951900,COST
2024-12-16,981.1497148806817,1000.1963624062238,978.4911292862441,984.939208984375,2581300,COST
2024-12-17,986.0602435029734,988.9569025164676,972.9260101081195,974.2354736328125,2050200,COST
2024-12-18,974.1560775133966,977.7272975703628,956.2998561333139,957.033935546875,2725300,COST
2024-12-19,966.7259242372497,966.8548906811372,945.8936657632041,947.17333984375,2610800,COST
2024-12-20,941.8066082730481,954.2563510076407,935.5172234080513,946.44921875,5373800,COST
2024-12-23,946.2607080547242,946.6376775767121,929.5155354013361,942.3223876953125,1856800,COST
2024-12-24,943.145778426394,951.7167793571608,937.8980550785755,951.1612548828125,939000,COST
2024-12-26,949.1772466668464,951.7465246997758,946.379764625195,948.502685546875,969000,COST
2024-12-27,941.1418794935255,942.8581019436351,924.5554629127156,932.1939697265625,1943400,COST
2024-12-30,923.56339370577,926.7080555473309,908.1872040146427,914.8436279296875,1881200,COST
2024-12-31,916.2722278341455,917.3534873848876,905.2509246510949,908.951171875,1742900,COST
2025-01-02,907.6912095783221,918.3752008958111,894.7950503165536,902.5426635742188,1765100,COST
2025-01-03,907.0265783923252,916.8276642758221,903.7231606432257,909.2586059570312,1612200,COST
2025-01-06,910.6474014494225,920.0020698611479,905.9750624225164,915.3396606445312,1970400,COST
2025-01-07,916.4606778636924,923.8709807464434,909.109832749929,914.0103759765625,1888000,COST
2025-01-08,915.6074540021332,923.0674055533653,908.1078437577474,919.96240234375,1774800,COST
2025-01-10,925.9045727151838,936.7373904724259,916.1233461068053,929.4559936523438,2765800,COST
2025-01-13,926.539483976704,927.5215664616074,913.6433241354865,917.3137817382812,1693800,COST
2025-01-14,916.9169767623699,920.3493611923154,902.6518347336871,909.9034423828125,1683800,COST
2025-01-15,919.8533279579042,925.4185023869559,910.9648760206671,916.1233520507812,1839400,COST
2025-01-16,917.3435222312594,919.9922386879958,910.4887438237133,912.4033203125,1353000,COST
2025-01-17,922.5714826516795,936.2612409298883,917.1848628735255,935.6561279296875,2375000,COST
2025-01-21,937.6996189303594,948.9093457194465,935.9635974195124,940.1597900390625,2042400,COST
2025-01-22,943.6319231695306,944.3362737611931,931.7377043413228,937.1541137695312,2155000,COST
2025-01-23,934.1680606278966,935.8544936391518,929.0095845836678,934.63427734375,1352400,COST
2025-01-24,934.634304488929,938.4833171496535,926.1030227220359,932.1741333007812,1562400,COST
2025-01-27,922.5714229889035,959.2659476414551,919.7739410857383,957.5398559570312,3044700,COST
2025-01-28,954.1471828304627,957.9961952989082,946.4491578935716,951.0123901367188,2166400,COST
2025-01-29,950.1493542523438,960.5258245482829,947.3717319644859,956.3197021484375,1713700,COST
2025-01-30,962.549553236077,978.8681682003229,962.3511386602327,971.1900024414062,1788200,COST
2025-01-31,968.4421001649467,983.0842117347107,967.9858132470144,972.0530395507812,1873800,COST
2025-02-03,964.6228227062314,1001.5454902160087,961.2003682760297,997.7957153320312,2751000,COST
2025-02-04,997.3692088651841,1016.1677938556128,991.6651380359467,1013.6976928710938,2001600,COST
2025-02-05,1011.8525581472112,1034.75808852252,1011.8525581472112,1034.5498046875,2047600,COST
2025-02-06,1041.6130101943038,1054.5091712729,1035.8592898903637,1042.5950927734375,2218000,COST
2025-02-07,1039.7845348765954,1049.427579018972,1028.3737286191108,1036.6165771484375,1632900,COST
2025-02-10,1044.749884961334,1055.6740757736673,1038.791235427334,1054.6015625,2036900,COST
2025-02-11,1052.6055126572612,1058.653508607518,1041.810429665369,1051.0462646484375,1748500,COST
2025-02-12,1046.8851717159203,1059.6465895276847,1043.756856226426,1057.779541015625,1662300,COST
2025-02-13,1059.656506039082,1070.7991521664092,1057.3127849783118,1069.4385986328125,1623300,COST
2025-02-14,1069.0612311632524,1070.0642802706366,1060.6496327386756,1064.463134765625,1410700,COST
2025-02-18,1061.8414204915152,1063.6191233658822,1038.0366406349665,1048.7523193359375,2090600,COST
2025-02-19,1048.7820843796737,1055.8530111314349,1045.7431145747266,1055.2174072265625,1349600,COST
2025-02-20,1046.3786679319778,1046.3786679319778,1026.725015427664,1027.6982421875,2000500,COST
2025-02-21,1027.4799455242949,1029.0688948396455,1017.6184462486018,1027.8970947265625,1816300,COST
2025-02-24,1021.4517305810733,1031.03512945191,1018.1545428756515,1028.4630126953125,1759700,COST
2025-02-25,1033.5576050299958,1049.7353783960511,1030.310121418927,1048.384765625,2083800,COST
2025-02-26,1042.902855246534,1051.5925536259087,1023.0804506509936,1024.8580322265625,1555700,COST
2025-02-27,1026.874103874162,1035.3453477718883,1011.8086661501263,1014.6688232421875,1629100,COST
2025-02-28,1023.5073510230775,1042.1480135842187,1016.9329787945113,1041.38330078125,3307100,COST
2025-03-03,1044.4919352817028,1058.653672341748,1033.965009314737,1039.6356201171875,2422500,COST
2025-03-04,1038.5232916524285,1040.708203004333,1021.640447813355,1029.724365234375,2536800,COST
2025-03-05,1025.960353413734,1043.7370175202575,1021.4119607119422,1040.529296875,1898600,COST
2025-03-06,1025.8312542881067,1038.6821397851922,1012.027084152501,1019.544921875,2594600,COST
2025-03-07,988.2918576866914,995.5117146038834,936.2827751447076,957.6643676757812,5510700,COST
2025-03-10,948.8851961209801,953.04632248839,917.6619281146106,927.9703369140625,4459900,COST
2025-03-11,924.5838875424496,931.5356460954004,914.8514376912234,924.077392578125,3204900,COST
2025-03-12,931.5356443186013,937.8716805225101,916.8872959671094,920.69091796875,2331600,COST
2025-03-13,915.6459866345192,917.1356493025796,881.3539229207926,884.4822387695312,3447200,COST
2025-03-14,885.6640232624206,900.6996993845714,875.4846618925192,897.6905517578125,3186400,COST
2025-03-17,895.4162861047012,917.0263334904582,891.8112979464684,910.2930297851562,2256100,COST
2025-03-18,906.707882156509,911.2364536011873,890.6592786235583,891.8609008789062,2182000,COST
2025-03-19,896.6378396871504,903.8875189182899,889.825130578644,897.8196411132812,1908500,COST
2025-03-20,895.2871847851916,901.2259533697036,887.9381586897865,889.229248046875,1891800,COST
2025-03-21,882.625110959585,903.5002694081275,877.8681434345461,902.9937744140625,3447600,COST
2025-03-24,913.6596675019423,922.250078838938,913.6596675019423,919.6580200195312,2208100,COST
2025-03-25,920.244010802691,925.864977488545,916.1325276165386,923.8489990234375,1623000,COST
2025-03-26,927.8909827133409,932.9458704945316,917.085958537747,923.342529296875,1644700,COST
2025-03-27,923.1538488882519,936.4019417152266,921.6046021970706,932.280517578125,1547000,COST
2025-03-28,931.0391091871221,932.2804946660383,919.6183627810934,923.2531127929688,2100500,COST
2025-03-31,916.0034427560427,988.1428509660125,915.6856407965618,939.2620849609375,3102000,COST
2025-04-01,935.9252128747881,951.119759458889,932.2805219739986,947.8226928710938,2041500,COST
2025-04-02,944.2871630149757,964.1989731583924,943.4529253369193,958.4290161132812,1719900,COST
2025-04-03,924.6633809982216,974.5868987759133,921.6045901708458,960.415283203125,3096900,COST
2025-04-04,948.4184942760892,957.8729053643689,907.840100785752,910.1639404296875,5167000,COST
2025-04-07,881.6319672948131,931.3569113215286,865.7025306475446,901.8715209960938,4626600,COST
2025-04-08,925.6266568687505,936.4912650105878,893.3705159640747,902.4872436523438,3545400,COST
2025-04-09,901.7424564173042,960.7927056158173,891.4836293408412,958.538330078125,5084500,COST
2025-04-10,959.8392775165665,986.5637981384363,936.392002522236,957.6643676757812,4209100,COST
2025-04-11,957.3168269774756,963.5237546842544,936.6601230776928,956.7705688476562,2721800,COST
2025-04-14,963.3152057699076,980.3271585312747,958.3496634721246,972.5709838867188,2219900,COST
2025-04-15,978.5593354841933,987.1497473706031,967.5358565148995,970.1874389648438,1788200,COST
2025-04-16,965.4304469619124,971.9055329469539,952.6292654935071,961.0806274414062,2531700,COST
2025-04-17,966.5725701704973,993.0289318116729,965.2914215444829,987.6463012695312,2711100,COST
2025-04-21,986.1566224643935,990.1191152067875,936.4713810613715,951.16943359375,2841300,COST
2025-04-22,963.0668582361031,980.6448888078652,960.1173554218605,972.4815063476562,2230600,COST
2025-04-23,987.666124662149,988.8876285224262,962.3219804551655,969.1148681640625,2109700,COST
2025-04-24,966.8902756516267,971.2599766841544,954.0891549503023,968.75732421875,2468500,COST
2025-04-25,967.2578238529937,971.577882050232,956.2442849055705,970.4258422851562,1780900,COST
2025-04-28,971.7565621339639,978.509687080564,962.103577653114,971.7962646484375,1616200,COST
2025-04-29,971.2600035462798,986.3652039502687,964.3678289083949,984.8656005859375,1523100,COST
2025-04-30,983.1773134809813,990.8838443435604,969.8199934122991,987.6463012695312,2212400,COST
2025-05-01,983.276576972486,999.4444103981658,978.2117485102733,992.1549682617188,1829900,COST
2025-05-02,1002.1884828077426,1012.3015371622266,998.9864758545272,1002.6558227539062,1547400,COST
2025-05-05,1001.8702904032737,1012.0828216441437,996.888325072748,1009.208984375,1952600,COST
2025-05-06,1002.805115142851,1010.5415342752442,997.8927648457662,1004.8436279296875,1381200,COST
2025-05-07,1005.5197389234978,1008.4233767275962,995.8640704672318,1001.5123291015625,1316000,COST
2025-05-08,1007.8267816234463,1011.3071898480956,985.8505139680619,1002.0692138671875,1882600,COST
2025-05-09,998.9865211016988,1005.052411797148,992.4632441732878,1002.4470825195312,1176700,COST
2025-05-12,1004.137530006645,1011.2176699032586,986.6857808533164,1010.4619750976562,2069000,COST
2025-05-13,1008.0455173774424,1018.0989712257877,982.0717329470748,993.4378051757812,2917000,COST
2025-05-14,993.1693015919623,994.2631199004367,984.9754359323638,985.9896850585938,2215000,COST
2025-05-15,987.093464150095,1008.3239289083896,977.4974577090206,1004.8136596679688,2470700,COST
2025-05-16,1006.822414308201,1022.5041586131152,1003.3519598567233,1020.0877075195312,2033700,COST
2025-05-19,1012.8981662178643,1029.1964346054483,1007.2201678854547,1028.550048828125,1879800,COST
2025-05-20,1024.244296910224,1032.189561375944,1024.244296910224,1031.01611328125,2271200,COST
2025-05-21,1025.1691135206015,1033.6513948071854,1018.0691267780941,1019.560791015625,1438900,COST
2025-05-22,1021.9671931161832,1023.0213179132835,1008.4433449160746,1012.430908203125,1660900,COST
2025-05-23,1006.3351444363535,1009.4277210746535,1001.36313285317,1002.854736328125,1413900,COST
2025-05-27,1009.3183517874847,1013.2462530784613,1005.2711270739444,1012.0927124023438,1868200,COST
2025-05-28,1011.3568975169317,1018.8845305865864,1007.2898258954494,1007.4688110351562,1674700,COST
2025-05-29,1010.3227080573704,1011.8441120421384,997.9821413119712,1003.0933837890625,2016700,COST
2025-05-30,996.6895154077406,1046.5985743929546,996.3912068258352,1034.3575439453125,5403800,COST
2025-06-02,1028.480401574715,1054.5635523345363,1028.480401574715,1050.9339599609375,2148000,COST
2025-06-03,1048.2491493084917,1061.1067023407898,1037.4200943098667,1049.6810302734375,1992900,COST
2025-06-04,1049.0945086521367,1051.9086236821838,1043.4960184092522,1045.802978515625,1422100,COST
2025-06-05,1044.1224867099797,1045.166657751493,1000.3787362396338,1005.15185546875,3289400,COST
2025-06-06,1014.916818474425,1014.916818474425,1002.9640834751659,1009.2586669921875,1855400,COST
2025-06-09,1006.7527903227591,1007.6775772067864,991.3892621797851,1000.5477294921875,1696700,COST
2025-06-10,1001.2934683206543,1005.847847701758,992.135001583752,1001.631591796875,2255000,COST
2025-06-11,996.8286688710313,999.8118758453438,987.8193862363474,991.2003784179688,2459800,COST
2025-06-12,993.4079135273116,997.634123369645,989.7882745312023,997.09716796875,1720100,COST
2025-06-13,993.4875193039331,997.9722836245514,983.1357568263169,984.6671752929688,1786000,COST
2025-06-16,986.7752715696158,996.2419403879833,975.946215734317,978.849853515625,2109300,COST
2025-06-17,977.497482671164,980.5801055924213,970.73555901926,972.2470092773438,1668200,COST
2025-06-18,974.5142987793846,977.1494892728728,968.617500152644,969.44287109375,1509600,COST
2025-06-20,978.4819742320778,983.1258162862754,968.448488349318,974.8026733398438,3255700,COST
2025-06-23,977.6466806477873,999.2450702469054,975.7672456668221,998.8572387695312,2082900,COST
2025-06-24,1000.2096241059307,1000.2096241059307,986.516685177719,996.3115234375,2385100,COST
2025-06-25,997.385585187736,999.3544824743606,980.4807447608251,981.0177001953125,1827700,COST
2025-06-26,982.2009854565579,982.2009854565579,971.0338668095876,977.407958984375,2262800,COST
2025-06-27,976.7417582131986,987.5807681462169,974.8126152192294,979.6255493164062,2129200,COST
2025-06-30,979.6453484529213,986.1885326164343,974.265658686011,984.3986206054688,2127600,COST
2025-07-01,984.4582814291645,991.260019896906,969.045045709819,980.44091796875,2200600,COST
2025-07-02,978.3626412530656,980.1824145589327,971.4018247602771,976.861083984375,1606100,COST
2025-07-03,976.9107543051608,982.141320207644,971.8592342301587,981.4949951171875,1101400,COST
2025-07-07,979.4862971711708,987.332146138302,970.7355687869206,986.6260986328125,1832600,COST
2025-07-08,983.961079966367,990.2954177883865,978.4222518489755,980.3215942382812,1716200,COST
2025-07-09,982.8573127399098,982.8573127399098,966.8375061086703,976.5925903320312,2922600,COST
2025-07-10,981.4751275301168,982.4695298883032,963.6455005310524,964.7393188476562,2897000,COST
2025-07-11,967.8418907975972,973.5000428857294,960.294410564102,964.8984985351562,1942000,COST
2025-07-14,965.664104757161,975.9959598144566,964.1924086904905,975.419189453125,1679300,COST
2025-07-15,973.7685486975313,974.762951095997,961.2489957957057,962.2633056640625,1878000,COST
2025-07-16,962.5714557082682,964.1625357763378,944.811445509589,946.0444946289062,2950300,COST
2025-07-17,945.0401963203284,949.4056371734318,942.2061739195998,948.5703125,2280600,COST
2025-07-18,954.5765129106653,954.8847752000869,944.3341812210919,945.6268920898438,2115500,COST
2025-07-21,946.1837606754639,950.4099705330577,941.3012112986831,942.255859375,1742400,COST
2025-07-22,943.4889891134915,952.339194789655,935.9812630993111,936.3392333984375,1799900,COST
2025-07-23,937.1048499609136,943.1905872180052,930.7605583933083,935.9215087890625,2401600,COST
2025-07-24,936.0608161200805,937.6220351511766,928.2646746994326,928.5729370117188,2057100,COST
2025-07-25,931.0588253408072,936.0208829149301,929.1197287921055,930.243408203125,1827700,COST
2025-07-28,930.2633369453812,934.9767940619158,925.679156981283,928.7617797851562,2006300,COST
2025-07-29,928.761852682542,936.5181789700229,922.1888676339752,929.338623046875,2065900,COST
2025-07-30,929.7661789785477,932.5007853873082,919.9613865666689,922.318115234375,1699600,COST
2025-07-31,920.180154175978,940.6549254933855,919.8221838924715,934.3802490234375,2564400,COST
2025-08-01,935.535291419605,952.6825935058051,935.535291419605,948.5003662109375,2934500,COST
2025-08-04,948.5799878682698,956.1280171601062,944.6566123026015,951.3383178710938,2389900,COST
2025-08-05,947.3154063547898,947.4846719374113,931.7314250118886,939.6478881835938,2462300,COST
2025-08-06,939.6478686096771,966.4542486883591,938.6819304234779,964.47265625,2753000,COST
2025-08-07,970.5668043386935,977.85592094085,966.8625320598978,973.3251342773438,1893300,COST
2025-08-08,973.0264164574102,984.0297729077545,972.8770251517262,976.8402099609375,2189700,COST
2025-08-11,979.0109747890199,985.4039257357371,972.1998740646383,984.5674438476562,2290100,COST
2025-08-12,984.3284387499508,987.564723449938,975.9140863744676,987.0668334960938,1588500,COST
2025-08-13,979.807720322293,982.2374259773075,966.006163195504,974.71923828125,2352600,COST
2025-08-14,976.4618396268553,984.1193902261032,971.0647290670321,971.2738647460938,1808700,COST
2025-08-15,975.008001405327,975.8643575814822,963.1382605614133,967.9379272460938,1638300,COST
2025-08-18,969.1926453090821,977.1390109022689,965.9065835206633,975.2171020507812,2078500,COST
2025-08-19,974.4901845213284,984.3583980102833,972.6678901675886,976.7107543945312,1673400,COST
2025-08-20,974.8686228657992,995.0829447697053,974.8686228657992,990.3729248046875,2229600,COST
2025-08-21,984.7268750340403,985.1450856200203,963.437093583242,965.5879516601562,2145600,COST
2025-08-22,967.4400121480585,969.3917626924747,949.0877953156137,954.494873046875,3136000,COST
2025-08-25,950.9300469978306,954.2559180096035,936.5907913454862,937.6065063476562,2284300,COST
2025-08-26,937.3675537109375,940.0660785607967,929.3116669254806,937.3675537109375,4341300,COST
2025-08-27,936.5211387935202,947.9825765176382,933.2649186879557,945.5130615234375,1893600,COST
2025-08-28,946.2796922961653,946.986717929755,940.1457146403555,940.9722290039062,2067900,COST
2025-08-29,941.0120754262842,944.6068265457893,936.4912562242731,939.3391723632812,1609000,COST
2025-09-02,934.6987954669822,940.5241447304179,932.6276168990629,934.858154296875,1793900,COST
2025-09-03,935.0374349118152,946.0806620300694,932.547984872114,945.77197265625,1670500,COST
2025-09-04,949.3766389651157,955.4508724151366,947.0962639571633,951.8660888671875,1471900,COST
2025-09-05,954.6642333894177,965.4584541888653,952.1846902201119,959.4140625,1928500,COST
2025-09-08,959.6630504704509,968.2367625553978,954.5447874053142,967.748779296875,1737000,COST
2025-09-09,965.906588817574,975.7349324415829,959.0456501103829,975.1175537109375,1496800,COST
2025-09-10,972.2696081614907,976.8601391830598,949.9342709880568,952.25439453125,2277500,COST
2025-09-11,953.7581050765144,961.0870315452569,950.2530006831449,960.2506103515625,1532000,COST
2025-09-12,956.2375586970035,965.4784263125433,955.9488043756133,963.8154907226562,1461600,COST
2025-09-15,963.7357929367682,965.6476734913563,955.6600318403401,956.04833984375,2199400,COST
2025-09-16,955.052609184736,955.5306249312617,946.7876470330755,948.0523071289062,2012600,COST
2025-09-17,949.4662237081953,959.9119457572749,949.4662237081953,958.9660034179688,1556800,COST
2025-09-18,953.3298708224646,958.4780362809929,946.6581328273166,948.3410034179688,1860900,COST
2025-09-19,950.9698789865505,953.3995845639652,939.8071635532798,947.1460571289062,4606000,COST
2025-09-22,943.3820275364378,945.9909661809617,935.6447977642146,939.2794189453125,2794300,COST
2025-09-23,938.7815597949124,941.002129739628,929.5606272973081,939.6179809570312,3258500,COST
2025-09-24,940.2951323855239,949.6354925206081,939.1300260692612,941.2809448242188,2149800,COST
2025-09-25,948.4306673638549,948.978334204993,931.6716730484703,939.3292236328125,2991500,COST
2025-09-26,921.6441806288134,923.715420077516,901.2306903235044,912.084716796875,4812900,COST
2025-09-29,912.4730006674426,913.3492310836181,899.4780240604304,913.000732421875,4107000,COST
2025-09-30,912.3833949632594,926.5832270201983,909.5155437954654,921.7238159179688,3096700,COST
2025-10-01,919.1049602523643,920.1007402743062,907.3248655750668,913.4688720703125,2642100,COST
2025-10-02,908.7089894599031,914.6338925834134,906.1697626291381,912.9012451171875,2063800,COST
2025-10-03,911.7262255210618,914.2255822365788,907.3547367892018,911.51708984375,2319200,COST
2025-10-06,911.6365181712823,911.9153657225539,900.43399405394,907.0957641601562,2504000,COST
2025-10-07,904.8950617540199,913.7674948227515,900.0655534824004,910.939453125,2601800,COST
2025-10-08,908.6889807950621,912.5128024067626,907.1156922908823,910.939453125,2376900,COST
2025-10-09,928.3755810644376,939.7872409047659,923.3668396372973,938.9109497070312,3742900,COST
2025-10-10,940.4344895806962,941.4601721092201,925.0795796678726,926.0853271484375,3142500,COST
2025-10-13,925.0796240788637,932.0301490606819,919.1049440525201,931.6119384765625,2169600,COST
2025-10-14,936.292122007279,943.4218801373512,932.0003125949146,942.5157470703125,1925900,COST
2025-10-15,942.0078477333926,959.9318871194403,941.2709802830466,950.9598999023438,2009800,COST
2025-10-16,951.5075243883481,953.8576111942443,917.272605822159,921.7138061523438,2721400,COST
2025-10-17,925.6571474143757,934.8581444724499,924.2331893723009,932.378662109375,2502200,COST
2025-10-20,932.2392253114339,935.833976311498,927.5690149574637,932.1595458984375,1523700,COST
2025-10-21,932.1595524576505,939.3889246039391,931.0542513020833,933.543701171875,1448200,COST
2025-10-22,936.0331774159066,948.9783171035734,928.5648275960989,940.6934204101562,2372400,COST
2025-10-23,941.4800132044211,941.4800132044211,930.5463691152119,938.074462890625,1974800,COST
2025-10-24,936.0331758749339,939.020515797939,926.2247674387684,928.2063598632812,1639400,COST
2025-10-27,926.2844913292693,929.2618636622981,921.2159446298135,925.9259643554688,1967600,COST
2025-10-28,922.9585954212404,926.7923240756604,916.316759898813,920.260009765625,2090800,COST
2025-10-29,915.121768089012,915.9980593015107,905.462690481413,908.5695190429688,2449600,COST
2025-10-30,908.8384316450666,919.1049207994917,906.5282148000176,916.2968139648438,2677100,COST
2025-10-31,913.6343234847549,917.4136469236963,907.1226517545758,908.8876953125,2456300,COST
2025-11-03,909.8350444016509,926.5778216871088,905.8263261302335,925.4310302734375,3206600,COST
2025-11-04,930.5865978064055,938.5241818368919,926.3584660969998,938.0953979492188,2554500,COST
2025-11-05,937.3574271067811,942.6226129331292,924.8327388131737,932.4014282226562,2974800,COST
2025-11-06,921.761418187689,922.3996336225341,905.7465686049585,920.983642578125,3247700,COST
2025-11-07,926.9168856062789,934.3658563350119,918.2014048284054,920.1459350585938,2584000,COST
2025-11-10,916.4164768123271,919.408043113129,906.5143996603014,912.9861450195312,2612700,COST
2025-11-11,913.9235476650076,916.3068435367711,910.4333868174052,911.2909545898438,1663400,COST
2025-11-12,912.8963191462457,915.5189303226801,909.1070142208886,911.4304809570312,1829700,COST
2025-11-13,913.7738710913252,924.1446582594108,909.1568823886911,922.4793701171875,2430600,COST
2025-11-14,924.5236115682593,926.2786735081614,912.5274016794157,920.38525390625,1739100,COST
2025-11-17,919.4280190309142,922.2999275883335,906.2551333273598,910.0245361328125,2481900,COST
2025-11-18,910.0245054011991,916.3266847222724,891.6562448597587,892.563720703125,2984700,COST
2025-11-19,892.4839685051458,892.4839685051458,871.5130590027385,888.0963134765625,3462300,COST
2025-11-20,890.9881791142635,902.0270662643333,888.4952071525561,890.7787475585938,2648300,COST
2025-11-21,892.0052982755861,902.7749245805268,889.6220025607739,896.482666015625,2870100,COST
2025-11-24,896.4727024512009,898.8260533364739,878.842412336212,883.62890625,3661200,COST
2025-11-25,884.1673146723202,893.2018419487803,882.6416475953456,891.8157958984375,2534700,COST
2025-11-26,893.5010844607134,909.436141230939,893.102184614745,905.7066650390625,1936200,COST
2025-11-28,902.4758133278527,911.629999066982,900.4614725065887,911.021728515625,1092600,COST
2025-12-01,910.6328056179475,915.9976861207776,903.6624657873695,909.3963012695312,2149400,COST
2025-12-02,909.3962900914224,920.405232170967,902.4558343604823,919.43798828125,2160600,COST
2025-12-03,918.2213615171383,923.715881214339,913.4448493620074,919.6672973632812,1886800,COST
2025-12-04,904.4801337678623,905.4075119941882,885.5833949363982,893.3414916992188,3787800,COST
2025-12-05,894.7276384412609,903.3433641615109,890.4895860998004,892.1648559570312,2359800,COST
2025-12-08,890.988132523144,891.4867268894133,880.417956303664,885.0249633789062,2407900,COST
2025-12-09,884.356825906914,886.520769334084,879.0318720214691,885.9423828125,1899500,COST
2025-12-10,885.3241173574713,887.0791792838055,868.6411691588339,871.9517822265625,3318300,COST
2025-12-11,873.397707246929,883.5092155856057,870.0970149821621,881.9934692382812,3041600,COST
2025-12-12,880.816765736516,886.1218169193212,864.6822598888124,881.9834594726562,4808900,COST
2025-12-15,879.6301524301697,884.9950327667835,849.0065249130051,858.1407470703125,4771400,COST
2025-12-16,855.0295334245739,861.1622686484181,841.6871429370814,857.9712524414062,3843300,COST
2025-12-17,856.0865568206051,866.1382366378879,855.8172963770616,860.2249145507812,2363700,COST
2025-12-18,857.8814195510622,860.7234438413901,850.1133415513011,855.1790771484375,2467500,COST
2025-12-19,854.1619410570643,856.0366607018907,846.9323229059354,853.214599609375,10097600,COST
2025-12-22,851.5992288028492,853.095011991613,844.9280333464197,847.6104736328125,2373300,COST
2025-12-23,846.712956380788,852.5764311905995,844.4194343930145,852.386962890625,1903300,COST
2025-12-24,856.1862635988776,873.5373727454145,855.9369664034595,869.4089965820312,1822200,COST
2025-12-26,868.1924328155329,875.1229068399282,866.5570286490303,870.894775390625,1324100,COST
2025-12-29,870.8349596995871,872.0415800230837,863.2563493872968,865.4003295898438,1792500,COST
2025-12-30,861.5711058668909,865.3803743098849,859.0083233988202,863.2164916992188,1680800,COST
2025-12-31,862.1494645410849,865.5598330164696,858.9185827366601,859.915771484375,1490000,COST
2026-01-02,858.7191261610942,860.6735771387868,850.1034008403352,852.0977783203125,2373400,COST
2026-01-05,861.5212425858332,876.299587333437,858.4299209073444,873.278076171875,2805600,COST
2026-01-06,873.4874687578451,891.5665050646708,868.8505168787445,886.6004638671875,2742300,COST
2026-01-07,889.4923780743975,891.0878557524205,877.1471762988531,880.098876953125,2680100,COST
2026-01-08,898.5966874815377,929.050809464413,893.4811044141879,912.73681640625,5207200,COST
2026-01-09,913.3949821045207,927.2359673082335,908.7680723988286,922.2799682617188,2895400,COST
2026-01-12,917.8125387009021,942.1738522639666,914.4220726466423,940.4287719726562,3246400,COST
2026-01-13,935.3830012290383,940.2492871485847,926.9866282177431,939.281982421875,2222100,COST
2026-01-14,935.6921176439745,952.923507241607,935.6521911421075,948.3065185546875,2894900,COST
2026-01-15,951.8564937641298,955.5860306822914,947.3292789105369,954.060302734375,2185900,COST
2026-01-16,959.2956026893195,962.2672057660054,948.3265261512919,960.9010620117188,3862900,COST
2026-01-20,955.6857805205491,967.1734146544444,951.4477282380319,961.5492553710938,3209900,COST
2026-01-21,956.9023036795116,986.8578927925446,956.9023036795116,980.096923828125,4073700,COST
2026-01-22,975.1409165053886,981.2337251303946,968.8286947074147,973.4257202148438,2074400,COST
2026-01-23,968.7090431239021,982.0813175006098,968.2802592644157,980.48583984375,1680600,COST
2026-01-26,983.6568919827744,990.2084293780584,973.6052123345991,974.9215087890625,2458700,COST
2026-01-27,974.9314671896556,975.2505748858846,959.0063924359404,967.5523071289062,2077900,COST
2026-01-28,966.7844788756445,967.3727861570547,952.9235308460756,958.0790405273438,2474800,COST
2026-01-29,955.2968198080476,957.6003233352077,945.8434901428559,950.211181640625,1825000,COST
2026-01-30,947.4552194382504,949.7418794251049,928.9520390398109,938.8876342773438,2396300,COST
2026-02-02,942.8618667440954,968.9140912372628,929.9206837534902,966.9569091796875,2451300,COST
2026-02-03,962.9527063348241,989.2146484066255,962.8828613925771,976.5030517578125,2960700,COST
2026-02-04,981.8852694270165,993.1588892872101,973.7770394556126,976.9324340820312,2631500,COST
2026-02-05,994.0575914763876,999.4997070043017,985.8994462889711,987.8565673828125,2988800,COST
2026-02-06,986.7182525143253,999.9190682489734,982.0749657151235,999.7093505859375,2358600,COST
2026-02-09,999.869168286569,1008.1571300077385,991.2416723838332,996.1445922851562,1861700,COST
2026-02-10,994.5668791266988,996.0047951316005,967.5960044824766,969.82275390625,1781500,COST
2026-02-11,971.8797689631986,988.1362099714881,965.7187257996974,976.7227783203125,1769400,COST
2026-02-12,977.3318720829325,1007.7477599993804,976.722770549767,997.4127197265625,2970400,COST
2026-02-13,998.5510682231246,1021.3979215398074,992.3201193088877,1017.0042724609375,2661600,COST
2026-02-17,1020.8587478832064,1026.9498242051018,1009.0158856395919,1010.5836181640625,1732200,COST
2026-02-18,1008.5365937949513,1014.5279002927431,992.0605009260238,994.6367797851562,1926800,COST
2026-02-19,990.8722174976581,1006.39967456691,982.6840864709835,986.3887329101562,1750000,COST
2026-02-20,981.705493363883,985.9393400415574,976.3931944929476,983.8424072265625,1662200,COST
2026-02-23,980.3774523181329,989.8736829776,976.6428809764551,984.5913696289062,1489300,COST
2026-02-24,984.9508091994448,997.4326975731409,983.6127239492275,996.9833374023438,1671100,COST
2026-02-25,996.2344165878087,1001.0474400220197,990.0034677101194,993.3186645507812,1554600,COST
2026-02-26,995.4755456195096,1004.0631216481693,982.1049927090436,985.310302734375,1804400,COST
2026-02-27,989.0948454620902,1012.7205375550792,988.1462097324217,1009.325439453125,3935000,COST
2026-03-02,1009.4452370405662,1019.3409122909325,1001.0374540822265,1001.3170776367188,1986900,COST
2026-03-03,1001.087351000773,1014.2782323552399,999.180145305591,1006.309814453125,1947100,COST
2026-03-04,1003.5438418961846,1012.5308016743594,995.5554332044736,1005.2813110351562,1806600,COST
2026-03-05,995.0561718234956,997.8021873503542,977.3918004146707,981.1463623046875,2766000,COST
2026-03-06,965.6088896459527,1001.0474577245462,959.0683922611365,996.65380859375,2708900,COST
2026-03-09,998.1816162573101,1005.9503119306892,986.5584671138445,1003.8433837890625,2348200,COST
2026-03-10,999.0503208666239,1008.6363865232382,994.5568411625761,995.9148559570312,1613400,COST
2026-03-11,994.8763980094773,995.9448549557765,986.4586198991574,990.7922973632812,1260500,COST
2026-03-12,987.1775637172665,1004.7520992068786,982.5742578883157,1001.8662719726562,1669200,COST
2026-03-13,1004.4425694956371,1011.3625212611244,1000.5481958516575,1006.9688720703125,1469700,COST
2026-03-16,1009.0358300815452,1011.1827392050872,993.987658533076,1000.2885131835938,1243400,COST
2026-03-17,1005.0316634571379,1006.6393160634452,993.3086835679123,994.7166137695312,1210400,COST
2026-03-18,988.9349926705112,992.539747312503,976.7227329041068,978.5001220703125,1434400,COST
2026-03-19,984.4115868414918,987.3572636603498,969.0038906181163,973.3676147460938,1340200,COST
2026-03-20,973.6672191255122,979.3389820335317,969.1337581466905,970.9212036132812,2621600,COST
2026-03-23,984.2417989022865,985.2104251155546,963.1324759708775,964.3306884765625,1779100,COST
2026-03-24,960.6660264130286,979.8582093999555,959.6075647316304,972.4089965820312,1259300,COST
2026-03-25,976.5829748437683,979.3889009941519,966.6473792191523,973.447509765625,1067100,COST
2026-03-26,974.2763065989756,985.7596440297709,971.3105781962925,978.2305908203125,1498300,COST
2026-03-27,980.5971483901997,985.6797392432705,976.6927795479637,982.4344482421875,1540900,COST
2026-03-30,986.2189935773645,1004.0830259891525,983.5828041122185,995.1360473632812,2129100,COST
2026-03-31,995.5553874614261,1007.1385551535035,984.4215189802362,994.9862060546875,2447900,COST
2026-04-01,993.5882764241476,1001.6765155169883,989.1547073426264,995.1160278320312,1769800,COST
2026-04-02,1006.5395033587195,1014.5279121155347,997.7622611779888,1013.4894409179688,1828600,COST
2026-04-06,1013.4893935828142,1019.2110715847003,1002.5552474182597,1017.0741577148438,1448600,COST
2026-04-07,1018.7817161563623,1019.3808224148089,1003.3940101624592,1011.741943359375,1428500,COST
2026-04-08,1002.9846306949294,1028.9668878725295,998.551061543806,1028.7772216796875,2265700,COST
2026-04-09,1027.9983092993375,1034.3190935555074,1023.5747964142464,1030.53466796875,1433300,COST
2026-04-10,1025.0226653129753,1027.509047717785,994.0575869806171,997.0232543945312,2333000,COST
2026-04-13,997.0232365792153,998.6009643016196,977.940940661213,979.4287719726562,2255500,COST
2026-04-14,972.2692009167729,976.1934993179242,964.600335993906,973.3875732421875,2136500,COST
2026-04-15,968.9041010441629,983.9522732117586,966.8970036114321,983.3231811523438,2346200,COST
2026-04-16,983.5727822938512,994.3072060600024,980.187679613871,985.7796020507812,1484300,COST
2026-04-17,983.5727833957324,999.2200612705607,975.5843750026705,998.4412231445312,2346500,COST
2026-04-20,1002.3954668070767,1009.8346844647018,992.6995749274732,996.3942260742188,1475400,COST
2026-04-21,992.9292343193174,1005.0416638171133,985.2703645871046,1004.3526611328125,1367100,COST
2026-04-22,1003.5238412245176,1006.6493109692844,996.8435320857524,1002.2457275390625,1215200,COST
2026-04-23,1006.1200823458264,1015.1269713580333,1005.5708914585863,1012.9102172851562,1570700,COST
2026-04-24,1010.533680552328,1011.9815917898942,1001.0474454088031,1009.6849365234375,1695200,COST
2026-04-27,1007.1685723497319,1012.9401658520077,995.1859594890318,996.56396484375,1620400,COST
2026-04-28,1009.0158553801372,1011.1827550614909,984.5713449397557,992.5597534179688,1776000,COST
2026-04-29,986.9378977858162,997.5225145518541,983.6926068688012,997.2229614257812,1516900,COST
2026-04-30,995.0062379640076,1016.2154531966797,994.8764214475948,1013.06005859375,2049300,COST
2026-05-01,1015.3800048828125,1031.27001953125,1006.3200073242188,1011.7000122070312,1509700,COST
2026-05-04,1007.02001953125,1024.719970703125,1002.2100219726562,1012.7899780273438,1479400,COST
2026-05-05,1010.510009765625,1020.780029296875,1009.0700073242188,1016.4199829101562,1456300,COST
2026-05-06,1011.5,1012.22998046875,992.5,995.75,2618827,COST
