Date,Open,High,Low,Close,Volume,Ticker
2023-05-22,477.48851447821374,477.48851447821374,469.36064978528896,472.5599060058594,1943800,COST
2023-05-23,468.04443979295826,468.04443979295826,464.00931384846064,465.834716796875,1800200,COST
2023-05-24,468.1212759212293,468.1212759212293,462.0301785892041,463.80755615234375,1600600,COST
2023-05-25,461.3576634482353,469.360656491777,458.0335060969299,467.4487609863281,3421900,COST
2023-05-26,466.58409496611296,490.6987120332121,465.1141616711284,487.3457336425781,5302600,COST
2023-05-30,489.7764247010276,494.58010295220504,481.89833255730787,488.08551025390625,2544800,COST
2023-05-31,488.8828845274571,493.6962086170636,485.12641122566527,491.4768981933594,3320800,COST
2023-06-01,489.33446003831466,493.57133361272986,482.3883176904571,492.47607421875,2407700,COST
2023-06-02,490.2856809637682,498.1445405455287,489.4017857540199,492.4665832519531,2284800,COST
2023-06-05,492.4665558120902,498.5480078368538,491.9189260708958,497.9043273925781,2023500,COST
2023-06-06,497.9042366325846,498.2693230601648,492.62977566439,495.9923706054687,1410300,COST
2023-06-07,494.3112046405958,498.9035193181476,490.5258801257519,491.1599731445313,1784700,COST
2023-06-08,492.3800346021167,499.8641900180255,492.3800346021167,499.6720886230469,1530400,COST
2023-06-09,497.84669168114016,501.5647569792676,495.2622944334921,496.9724426269531,1287300,COST
2023-06-12,496.9724369226114,500.80578647753254,495.7426595429106,500.51751708984375,1404500,COST
2023-06-13,501.5262451171875,502.4197275837984,497.57755339184047,501.5262451171875,1204700,COST
2023-06-14,504.3892866632051,507.1273764780595,502.6023215495315,506.5029296875,1841400,COST
2023-06-15,508.23216392918874,510.4034487187628,505.9840034142411,508.4050903320313,1871600,COST
2023-06-16,509.2889588279468,509.5964030921887,502.11224919376,503.09222412109375,3147800,COST
2023-06-20,501.4589396811837,502.37165565566505,497.79851762689225,499.2972717285156,1684400,COST
2023-06-21,497.5776004401956,501.161206080742,496.2613892869596,499.2204895019531,1273600,COST
2023-06-22,500.2485456610176,504.0818952597981,499.2781872635291,503.6207580566406,1114000,COST
2023-06-23,502.5927796719911,504.7736819629545,498.9515899602957,503.8513488769531,1434300,COST
2023-06-26,503.8129045070112,504.264424899748,500.7961618934092,502.871337890625,1278500,COST
2023-06-27,502.1315829047739,511.5083709582977,501.60312815333486,509.5100708007813,1673600,COST
2023-06-28,508.2129564966921,512.5459095033184,507.857486877164,511.8829956054687,1245200,COST
2023-06-29,509.7502109453066,511.546792751537,508.1841977030196,510.8166198730469,1121800,COST
2023-06-30,513.1992151319404,518.3776253302406,512.6804358880908,517.2439575195312,2221900,COST
2023-07-03,516.1583713684369,519.8380277358766,513.3626394019275,519.799560546875,951400,COST
2023-07-05,519.972420214265,524.6128174867816,516.3984904364759,519.885986328125,1630400,COST
2023-07-06,517.7244107622658,519.0886473433077,515.5147169267448,516.273681640625,1750100,COST
2023-07-07,512.9303907180037,515.3995038776264,504.0339133597181,504.4374084472656,2740600,COST
2023-07-10,504.4469463379351,510.2978880677217,504.4469463379351,506.3204040527344,1955600,COST
2023-07-11,506.7911365867285,509.9231632301502,505.49415902926575,508.8471374511719,1262300,COST
2023-07-12,511.1145178358794,518.906117934789,510.25944376087375,516.8789672851562,1960500,COST
2023-07-13,516.6867738579493,517.954959691531,511.87344949656216,517.311279296875,1647200,COST
2023-07-14,517.561050871462,525.391058554454,516.9749540176588,525.2373657226562,1828700,COST
2023-07-17,524.7377320598922,532.4525136669108,524.6608563287895,531.2515869140625,1909900,COST
2023-07-18,530.9730091590832,533.2115533605828,527.8218074080842,531.85693359375,1778800,COST
2023-07-19,532.7119149675793,534.0665932868868,530.3485284650527,532.3564453125,1261100,COST
2023-07-20,532.0681846355285,539.0431764801342,531.9721339525287,535.0945434570312,1732800,COST
2023-07-21,537.2177975101708,539.9847376665626,535.565350309579,535.959228515625,5264300,COST
2023-07-24,536.0938248456696,544.3273875793539,534.0570572990258,541.791015625,2086400,COST
2023-07-25,544.5195751718704,545.2689231823208,542.1465127542389,543.0015869140625,1602500,COST
2023-07-26,543.3089905456133,545.730078137407,541.3010148043376,543.9430541992188,1306400,COST
2023-07-27,545.4321606223853,548.7371138757271,538.5916855276325,539.7734375,1485300,COST
2023-07-28,542.4154386609116,545.5186148623187,540.5323642588748,541.2048950195312,1371400,COST
2023-07-31,540.8974184349975,542.1367537544079,537.1024781053883,538.6588745117188,1365900,COST
2023-08-01,538.6205452226334,540.7822137316249,532.7696033237982,533.6630859375,1445300,COST
2023-08-02,530.5790934493185,534.7775289808706,529.3877834091077,530.66552734375,1635000,COST
2023-08-03,531.7993004100997,538.351506204544,530.5406726811987,535.7959594726562,1463400,COST
2023-08-04,539.0432610396396,539.2545960309915,529.7624649571569,530.3677368164062,1142000,COST
2023-08-07,533.2019511688093,537.5925471525317,533.2019511688093,536.4876708984375,1015400,COST
2023-08-08,536.0937352589648,536.9584260295006,530.1755936601356,534.2875366210938,1020400,COST
2023-08-09,536.074483995296,540.0231758356484,534.9504329418542,537.7269897460938,1471800,COST
2023-08-10,541.0895441042935,546.8636090433208,538.6876907112871,539.4466552734375,1107200,COST
2023-08-11,538.3514898792483,542.8189614244513,537.0833626690448,540.8590698242188,1043100,COST
2023-08-14,542.5979840272613,545.4225663219559,538.437957002982,539.427490234375,1247600,COST
2023-08-15,539.0239412019879,542.9725742127405,536.28585171605,536.5836791992188,1124300,COST
2023-08-16,539.648527565227,542.7709375286802,536.785477939596,537.1025390625,1340100,COST
2023-08-17,537.5059754945712,538.4186915737386,523.6809509905613,525.6312255859375,1941900,COST
2023-08-18,525.4487583160571,527.8986375697041,521.7883353128641,523.5465087890625,1878100,COST
2023-08-21,522.5089072995925,523.7483014802195,515.2457032214786,521.8844604492188,2076100,COST
2023-08-22,520.6834011995429,520.6834011995429,516.3984736846044,517.2343139648438,1286000,COST
2023-08-23,517.8013350530235,519.9245365470122,515.1880873017087,519.626708984375,1295800,COST
2023-08-24,519.0972245152158,520.743217758244,510.94439679199326,511.8010864257813,1587500,COST
2023-08-25,512.9560449998339,515.728212886936,510.6940603435969,514.014892578125,1511500,COST
2023-08-28,515.9304541398533,516.9314920800452,513.1582858056845,516.1133422851562,945800,COST
2023-08-29,514.3326739594314,522.7357768011361,514.3326739594314,522.447021484375,1468500,COST
2023-08-30,522.4084281791905,524.0351515053491,519.1165004051779,521.9560546875,1292800,COST
2023-08-31,519.7807010330906,531.523906398985,519.7807010330906,528.7132568359375,2086500,COST
2023-09-01,532.3614027885858,532.7560253055149,520.3968264241119,523.8716430664062,1437700,COST
2023-09-05,525.2961139477502,528.6265816908802,523.6309094510881,524.3335571289062,1714300,COST
2023-09-06,521.4363371553778,528.1357548623387,519.9540205613714,526.2202758789062,1476600,COST
2023-09-07,528.1069078388491,530.3592582604746,523.9101147779484,528.0780029296875,1340000,COST
2023-09-08,528.5110810158068,531.6971417448881,527.5773703490795,530.5516967773438,1075300,COST
2023-09-11,532.1111093935563,538.4447506246634,531.1966685338516,537.8576049804688,1388600,COST
2023-09-12,538.3387675872376,539.4168264477488,535.3548064109857,537.8670654296875,1055500,COST
2023-09-13,537.3955489827205,539.4554350152714,533.8533463542167,538.8009033203125,1162700,COST
2023-09-14,543.6616500635752,545.4808963355168,539.272393839877,543.6231689453125,1257300,COST
2023-09-15,544.1622410408078,544.3354942112802,534.7387725620761,535.528076171875,2945300,COST
2023-09-18,537.2799764221983,543.0649525007797,536.5965399075728,541.6499633789062,1003100,COST
2023-09-19,540.6104416499711,544.1622787653995,538.4831698681667,543.2189331054688,1144700,COST
2023-09-20,543.2188733445741,547.9065199737877,541.592150102109,542.7183837890625,1311500,COST
2023-09-21,542.9493963432701,543.4306747212137,533.5259868530632,534.2960205078125,1687700,COST
2023-09-22,534.3730001022916,541.8905662599129,534.0072825729956,537.6746215820312,1527300,COST
2023-09-25,538.5408498221184,540.254228983461,533.968705402549,537.7034301757812,1313300,COST
2023-09-26,538.2135993844108,540.3504470469123,531.3312955168368,532.25537109375,2425100,COST
2023-09-27,526.8843709407962,545.2884531320468,524.3335717995672,542.4296875,4591400,COST
2023-09-28,542.9493668286208,550.755687594563,542.9493668286208,547.338623046875,2192400,COST
2023-09-29,548.6574178357347,549.6103397404272,539.7056506631135,543.80615234375,1887500,COST
2023-10-02,546.6456182701779,550.3322273439196,542.8820469506298,549.9183349609375,1831700,COST
2023-10-03,549.716148321871,554.6155881353159,541.9290969457348,543.883056640625,2007400,COST
2023-10-04,548.1664498072938,551.1696222530481,542.6510182722687,550.3899536132812,1798800,COST
2023-10-05,550.7459911948848,553.2294036630094,543.2284265285945,548.1952514648438,1579700,COST
2023-10-06,544.8938423363369,545.7216271414655,522.31223710124,536.6543579101562,4246700,COST
2023-10-09,534.2190825584692,538.7912278596452,529.1945637116123,538.0404052734375,1781500,COST
2023-10-10,538.9547885397591,545.7215910629217,536.3751433583948,541.0435791015625,2176800,COST
2023-10-11,543.7001984367715,545.2884406960028,539.2243444558761,544.3451538085938,1449800,COST
2023-10-12,546.7803040775651,547.8295166966897,541.3226242142575,542.6702270507812,1458000,COST
2023-10-13,542.7375070464634,546.1931110371211,540.9375309321846,545.6156005859375,1243900,COST
2023-10-16,548.3589685494165,552.6038180544148,547.2327935786707,550.8134765625,1428300,COST
2023-10-17,550.5246185157738,554.4903469671752,549.3406927098326,552.8347778320312,1404600,COST
2023-10-18,552.430585776185,555.6840324811951,550.5824931581869,553.1236572265625,1311900,COST
2023-10-19,552.2187051165782,554.2881664515716,542.9877619416127,544.4508666992188,2019600,COST
2023-10-20,545.3268223115032,545.4519593757506,531.3409047633022,532.2264404296875,2295400,COST
2023-10-23,533.3912389617263,536.067116314372,526.162427997691,531.6104736328125,1776500,COST
2023-10-24,531.4275225172838,535.1718821234967,528.7612804485489,531.1773071289062,1678600,COST
2023-10-25,528.0105831749719,533.0929118783974,525.1806634991581,529.3966674804688,1757500,COST
2023-10-26,529.0692964715306,533.8916560320768,525.1035676963155,527.0960083007812,1925300,COST
2023-10-27,527.0959755577431,527.5099265994069,520.0019380498103,522.6971435546875,1503100,COST
2023-10-30,525.3057324761452,535.5280808723685,523.2843867197546,534.103515625,1696200,COST
2023-10-31,531.4853387076456,533.2853739797978,528.5014361170713,531.7548828125,1394700,COST
2023-11-01,534.2190086807385,537.5302063277787,529.0693534483319,535.9515991210938,1735300,COST
2023-11-02,536.6458851958917,539.5485075770634,532.3160832482779,536.134765625,2100600,COST
2023-11-03,537.4463963610176,542.9044411042601,535.4212818334951,540.8890380859375,1826800,COST
2023-11-06,540.4935095419509,552.219712800605,540.1463673102611,549.4906616210938,2056900,COST
2023-11-07,552.075198179683,553.4156219569909,549.2400847639832,550.8890991210938,1373100,COST
2023-11-08,551.7087008981514,552.5476575505805,544.1580321686603,547.1378173828125,1343600,COST
2023-11-09,548.7000541576332,548.7000541576332,541.9594425229005,543.1744995117188,1288400,COST
2023-11-10,547.6393006795951,557.272882349879,544.784882131587,556.5303344726562,1908800,COST
2023-11-13,554.4859622196983,559.2593748833765,553.0298244495178,557.6007080078125,1650700,COST
2023-11-14,560.9855218205786,570.4455326361477,560.4744609912742,569.7222900390625,2037600,COST
2023-11-15,572.798452655033,578.4879843147643,572.219882152321,575.4889526367188,2165100,COST
2023-11-16,565.459942943456,565.6624720400932,551.8243963529426,557.938232421875,2954700,COST
2023-11-17,558.2467086198428,559.2302782335244,553.5793585632732,556.5591430664062,1773600,COST
2023-11-20,556.7424584321207,561.5447697913673,556.7424584321207,560.0789794921875,1624100,COST
2023-11-21,561.2361089131282,564.080874157665,557.0991835258615,563.4540405273438,1173700,COST
2023-11-22,565.9131176029725,570.0501023205298,565.4309559422875,568.0635986328125,1068600,COST
2023-11-24,569.9344310727665,573.0009724023215,569.3461490707148,570.2622680664062,645800,COST
2023-11-27,571.3808701542827,578.5361326804148,571.2747498577053,573.6759643554688,1627400,COST
2023-11-28,572.0270668129791,576.1061364369724,570.3201953611754,572.8081665039062,1286800,COST
2023-11-29,573.9651821323541,573.9748347816019,566.4627193622044,566.8870239257812,1319800,COST
2023-11-30,566.8582157895694,571.911260766275,562.0365990014722,571.593017578125,1755200,COST
2023-12-01,572.1136497139181,575.0740699019071,569.5196181630563,574.9776611328125,1475300,COST
2023-12-04,571.0240944018207,578.1408054229153,570.3587089369987,577.7068481445312,1624000,COST
2023-12-05,577.1764793810856,587.1572024492152,575.7299943649726,583.7531127929688,2349700,COST
2023-12-06,583.8977741756465,586.7714388540777,582.316269794411,585.7589111328125,2233900,COST
2023-12-07,588.2372623642518,590.5033987663743,584.7174584808243,589.1533813476562,1690400,COST
2023-12-08,586.8871642311321,591.7184336068614,586.048207629582,588.9894409179688,1502100,COST
2023-12-11,599.7801369980021,602.7310228108757,596.6846968617597,601.6027221679688,2139300,COST
2023-12-12,605.0550611419714,607.2247887370758,600.9759920976162,607.0415649414062,2374400,COST
2023-12-13,611.3038320279451,619.674151512623,608.4880243699498,619.0955810546875,2436900,COST
2023-12-14,618.3048059031123,618.9991492844836,607.8129636994614,608.27587890625,3839200,COST
2023-12-15,618.61346334625,638.2663790182221,617.6491399427484,635.3155517578125,8807700,COST
2023-12-18,640.7928449798036,657.5816880532516,637.5141221546902,656.9356079101562,5733400,COST
2023-12-19,650.9183101148658,656.5113741932155,645.248083682588,653.560546875,3437300,COST
2023-12-20,647.8227522081263,650.2914175920966,637.2248481707971,637.417724609375,3782700,COST
2023-12-21,642.1043594347395,643.5315980775614,635.9230723916535,641.4293212890625,2388400,COST
2023-12-22,644.1679252063027,649.2499275225332,642.239278723649,647.6394653320312,1641700,COST
2023-12-26,648.9993332571216,651.7476315412982,646.8489108021879,650.5518798828125,1774800,COST
2023-12-27,653.589506733467,659.3886759203648,651.3211381512889,657.6331176757812,1875900,COST
2023-12-28,656.6960192997083,657.6921436773597,652.4946353899801,653.9838256835938,1496900,COST
2023-12-29,651.9127673859527,654.0726623211406,648.1255320846138,651.0054321289062,1947500,COST
2024-01-02,646.5673562005993,648.7568076038528,640.5709248375977,641.7051391601562,2657700,COST
2024-01-03,642.2574109159032,646.4391112251051,634.2588586532039,635.8270263671875,2612600,COST
2024-01-04,633.2529450532271,640.9654458889389,631.7045215929817,639.4367065429688,2171100,COST
2024-01-05,647.1591621844054,650.5814896822951,643.2733249027972,646.9915161132812,2233500,COST
2024-01-08,646.7941540946766,652.9779756191565,645.0386562058984,652.5933227539062,2245300,COST
2024-01-09,649.821930322202,658.1162858076278,649.2104587023996,658.0078125,1886200,COST
2024-01-10,660.355149737315,664.5664667174532,659.8127229604706,663.5111694335938,1801900,COST
2024-01-11,661.7752764944702,665.2370316109303,658.4614832976779,664.31982421875,1670800,COST
2024-01-12,668.1860275639071,674.320488841671,666.8151222263498,673.8471069335938,2388400,COST
2024-01-16,673.8470965271172,677.0820333718777,668.8369173584108,672.1211547851562,1626700,COST
2024-01-17,671.14478371499,675.4547020511551,669.8527954297151,674.7840576171875,1786800,COST
2024-01-18,673.4426928252725,678.2654209518913,670.8587165460403,677.861083984375,1900600,COST
2024-01-19,679.0347476302406,686.5598579280156,673.2848795354229,685.415771484375,2267900,COST
2024-01-22,685.8694027358913,689.05497827661,681.0269306199972,682.9895629882812,2452900,COST
2024-01-23,681.2241824880098,682.1217058207471,675.2179394904326,678.1372680664062,2208600,COST
2024-01-24,679.5279023949614,680.4845383271518,673.7287334775599,677.0721435546875,1946500,COST
2024-01-25,677.0622813969267,677.0622813969267,666.6672026364506,670.5530395507812,2751900,COST
2024-01-26,670.7305078498848,677.7920481138866,670.1584646381209,677.43701171875,1825500,COST
2024-01-29,680.4155721556727,684.5874006511077,676.8255988812479,684.4690551757812,2215400,COST
2024-01-30,683.413689208661,692.990220965018,681.3030947838964,691.1064453125,1610500,COST
2024-01-31,691.6784938032245,695.8207656434338,683.512295587149,685.3270263671875,1928500,COST
2024-02-01,685.4653067872677,696.6263292645006,682.9960513593596,695.81640625,2039200,COST
2024-02-02,694.6904981015488,705.4959626778091,693.6237628363086,700.7549438476562,2377400,COST
2024-02-05,701.9008034538856,704.0934737061207,697.0017781583867,702.4143676757812,2276900,COST
2024-02-06,702.4833584333558,703.955024944358,695.6781366533095,702.0487670898438,1920200,COST
2024-02-07,705.367636870036,714.4248502766762,703.2440527654154,710.9284057617188,2145500,COST
2024-02-08,714.9877559322763,719.2150899761003,711.7974368510445,715.25439453125,1918500,COST
2024-02-09,716.2224375166677,716.6076558697143,711.264152837265,714.5038452148438,1426100,COST
2024-02-12,714.6223352306552,714.8988605064997,706.5033915692394,713.5259399414062,1572600,COST
2024-02-13,712.518393601848,712.9036118681714,700.320237160115,705.4661865234375,1951100,COST
2024-02-14,707.1947747320299,713.6642120808373,702.325410123399,713.2987670898438,1472500,COST
2024-02-15,712.6172786391172,717.1014853854687,709.4467930346308,715.6001586914062,1264100,COST
2024-02-16,713.1111433363149,720.0942055318628,709.6640721027375,715.0865478515625,1764900,COST
2024-02-20,719.0768747153525,725.9216438520236,714.8099938993965,716.765625,2407300,COST
2024-02-21,716.7656270538765,719.8274798246615,711.412297896592,714.1284790039062,1564200,COST
2024-02-22,716.9235677892136,726.9981415839642,716.9235677892136,725.3684692382812,1801600,COST
2024-02-23,731.01817284361,733.378795651934,728.055066140644,728.8551025390625,1265800,COST
2024-02-26,732.8750595120431,737.5963051392891,729.9119528024256,736.183837890625,1707000,COST
2024-02-27,736.8258108604399,737.4579547107046,732.2132586560427,735.5516967773438,1471300,COST
2024-02-28,734.0703154996116,742.6336783473597,734.0703154996116,738.7619018554688,1365000,COST
2024-02-29,742.1790643758737,743.3050591915496,733.8527432517322,734.74169921875,3361200,COST
2024-03-01,731.3341912836888,742.1396553479573,730.1588232994607,740.2235107421875,1678100,COST
2024-03-04,745.7941343826827,755.335310346062,744.4014406327634,749.8436889648438,2133400,COST
2024-03-05,758.9700561769843,759.8096391607853,747.5917685980692,750.604248046875,2353400,COST
2024-03-06,755.4341727007914,765.6272062940342,754.2686310612805,763.7308349609375,2400600,COST
2024-03-07,769.5287252446135,777.4007439313606,767.454574526391,775.9290771484375,4187900,COST
2024-03-08,746.7522375145948,746.920130009202,716.1828423160415,716.63720703125,8590200,COST
2024-03-11,710.9579151699612,711.1455809985514,702.2661479035571,705.2984008789062,3762500,COST
2024-03-12,708.2616206875675,730.9491148159989,708.093667882546,727.818115234375,3727400,COST
2024-03-13,725.9611702688796,727.4427236775917,717.6447340143205,725.1710205078125,2270300,COST
2024-03-14,729.2500914377082,731.5711672049863,720.0249275127361,722.9485473632812,1826100,COST
2024-03-15,723.5116425622565,723.5116425622565,714.3259637765058,716.7063598632812,3390700,COST
2024-03-18,717.1705377985996,724.3215523107116,717.091565028088,722.5436401367188,1595200,COST
2024-03-19,722.7905619007702,726.3067792759762,721.0423700228475,723.1658935546875,1322700,COST
2024-03-20,722.0103419129074,732.9639863475727,720.1633435354299,731.6107788085938,1398700,COST
2024-03-21,734.3565430113488,743.0581964761334,731.9860337553249,733.4281005859375,2106900,COST
2024-03-22,735.2751266208206,735.6306849373258,725.3487317687648,725.7635498046875,1794100,COST
2024-03-25,722.0102505425621,725.1313627201145,717.8026298610399,721.9707641601562,1604700,COST
2024-03-26,722.0102518491403,725.6647617608278,721.2398152566828,721.990478515625,1353500,COST
2024-03-27,724.9734588619237,726.8402306016751,718.8003197367372,723.0770874023438,1246700,COST
2024-03-28,724.8252069580147,725.862342455027,719.363245353981,723.6202392578125,1713300,COST
2024-04-01,722.7609463664472,724.2523862820765,711.3431117431544,712.3703002929688,1600700,COST
2024-04-02,711.1455105436883,711.1455105436883,699.6881903209719,702.552490234375,2326700,COST
2024-04-03,701.2488789962199,702.0686888074998,688.6952209992394,697.0116577148438,3205500,COST
2024-04-04,700.0537239677714,708.3109000847126,695.5596306249538,696.2115478515625,2252400,COST
2024-04-05,697.3572641297598,708.0738695476764,697.3375510785654,704.9428100585938,1552900,COST
2024-04-08,704.7353801485045,707.3330416606257,702.127831969222,703.0562744140625,1459000,COST
2024-04-09,707.4318542501284,710.2072951783342,698.2857217132857,709.7529907226562,1386400,COST
2024-04-10,702.2562997566213,715.0766556706826,700.2315222010144,713.6939086914062,1832000,COST
2024-04-11,722.5041052363307,724.7659214026421,715.2445187233756,723.3436279296875,2107800,COST
2024-04-12,719.0471755330572,723.8869402514289,717.6051086708941,722.3164672851562,1481800,COST
2024-04-15,726.3858966865545,731.8874057425456,709.1208797395858,709.4468383789062,1808000,COST
2024-04-16,709.4665242879787,713.6148858543559,703.3724181977994,707.1651611328125,1412300,COST
2024-04-17,714.1086658588271,714.8988155345397,702.2562398694689,706.3947143554688,1376700,COST
2024-04-18,706.3947841925707,710.1085543485905,700.8439022948694,702.5032348632812,1846400,COST
2024-04-19,704.2612766771555,706.07861483181,693.3668932778144,700.7845458984375,2190400,COST
2024-04-22,706.0688414812845,709.4270533664616,697.4857062072409,706.6614990234375,1437100,COST
2024-04-23,710.187525761227,715.363075526795,707.491057822634,713.7926025390625,1176200,COST
2024-04-24,710.8592048166759,716.5088327243898,707.2837275107033,714.98779296875,1206600,COST
2024-04-25,719.4988376926362,719.4988376926362,706.7568106846542,714.1270141601562,1613600,COST
2024-04-26,707.3406226811425,723.1197717249092,707.3406226811425,721.3687133789062,1524400,COST
2024-04-29,721.714926357368,724.4057593277284,712.5046019258335,718.5491943359375,1526900,COST
2024-04-30,717.7379706604842,717.7379706604842,709.4180291240963,715.1559448242188,1734800,COST
2024-05-01,714.5327890532772,722.0414482800945,707.6572280138375,714.4832763671875,1609100,COST
2024-05-02,716.9860661990283,726.5327140684498,712.9102068105061,724.5936889648438,1826900,COST
2024-05-03,726.4139684112789,739.4824160937743,725.4938780097401,735.930908203125,2323300,COST
2024-05-06,741.5600597121004,748.8312988416482,738.4833296308352,748.3465576171875,1773300,COST
2024-05-07,750.562559467903,763.9673934395157,747.4759872010378,763.04736328125,1897800,COST
2024-05-08,761.7514878224301,765.1051874356601,754.5396026165575,755.2320556640625,1511900,COST
2024-05-09,755.6177870713408,771.3573851483487,755.4298200294345,770.6945190429688,1716200,COST
2024-05-10,770.6944851545067,779.0144265504007,769.8239073546229,778.7572021484375,1652700,COST
2024-05-13,779.5585730395877,781.022699260838,765.2930637747442,766.8462524414062,1596800,COST
2024-05-14,766.6284963776702,772.4455112623812,763.1659903930239,769.5667114257812,1327700,COST
2024-05-15,770.1801370976043,781.2007541477655,770.1801370976043,778.6088256835938,1661700,COST
2024-05-16,783.3276459423042,795.9410601661191,779.3903014517131,784.5741577148438,2000000,COST
2024-05-17,785.1084065861027,789.0556538902259,782.1405442063029,787.2848510742188,1309100,COST
2024-05-20,786.7309630154662,794.3781368328448,783.9016149741648,784.5050659179688,1347100,COST
2024-05-21,787.0474700691651,792.8545829112384,783.5157064194707,792.3500366210938,1375700,COST
2024-05-22,791.4695091279318,797.7119105171884,789.4612870043208,793.27001953125,1192800,COST
2024-05-23,795.6840169459763,799.3938455035212,786.9090406283692,787.809326171875,1519200,COST
2024-05-24,792.0532936073874,808.1193137101079,790.5298125222398,801.0557861328125,1623000,COST
2024-05-28,801.0656135822032,806.5561468772939,796.099371239607,804.4588623046875,1986300,COST
2024-05-29,798.3748928200584,804.7261022619007,797.6526718176923,797.8802490234375,2282800,COST
2024-05-30,801.5207605477835,810.7211224048513,799.6410901078013,806.605712890625,2277800,COST
2024-05-31,800.3632775531454,803.0442079752999,779.7564024733606,801.2140502929688,4360700,COST
2024-06-03,802.312164738554,819.04098984245,798.4836269333772,806.6551513671875,2008700,COST
2024-06-04,806.2495194564253,819.1399647567703,804.3302992625397,818.526611328125,1754500,COST
2024-06-05,822.008910500165,825.4516723126096,812.8778055257693,825.3626098632812,2080000,COST
2024-06-06,826.470533180318,839.9941365644805,825.3823411001761,833.6132202148438,1735000,COST
2024-06-07,837.6099205966539,841.2702963676034,833.266934045767,836.521728515625,1593600,COST
2024-06-10,838.1045899343823,840.3799391432226,833.7121509513638,839.252197265625,1401600,COST
2024-06-11,840.1425346191394,841.8243355010133,831.2587518974098,840.2117919921875,1690500,COST
2024-06-12,843.1796380481454,846.572886973017,834.5728246061445,838.7278442382812,1838300,COST
2024-06-13,838.7278016972251,838.7278016972251,828.5777026645465,836.8976440429688,1322400,COST
2024-06-14,834.3848896060176,847.0082084215464,832.8910557425518,846.503662109375,1395500,COST
2024-06-17,845.3362664460923,861.2341238212155,844.2282692762934,858.6124877929688,1904900,COST
2024-06-18,858.7015175831718,864.5976925978596,858.4047434206389,861.4220581054688,1763800,COST
2024-06-20,861.9760861027086,864.488854606377,851.3412455160424,853.2011108398438,1944600,COST
2024-06-21,857.3560674952791,857.6824888706041,838.5695089774126,839.222412109375,3833100,COST
2024-06-24,840.8943511607049,841.517607098541,832.4953101848279,839.0740356445312,1722900,COST
2024-06-25,840.221584438524,846.5233403657052,835.947855611416,846.3452758789062,1564200,COST
2024-06-26,843.5852734805466,850.5300915914971,840.9537950941191,847.6611938476562,1505300,COST
2024-06-27,848.5217650558171,849.135118447622,839.5489205901375,841.5076904296875,1254900,COST
2024-06-28,842.1310945936864,848.0569178332514,837.7386551035482,840.8845825195312,2131700,COST
2024-07-01,844.3569787701698,846.8301978058175,831.496239784801,836.61083984375,1989000,COST
2024-07-02,836.6305701971899,851.1434012954354,834.0485442460963,850.1541137695312,1377900,COST
2024-07-03,845.8409067158839,854.2696564767606,845.8409067158839,853.4188232421875,814400,COST
2024-07-05,855.2984061581584,877.4386654347092,849.5209405392212,876.1822509765625,2620700,COST
2024-07-08,877.2902652209407,878.4378725669633,868.2580652597633,871.404052734375,1611300,COST
2024-07-09,874.3817468271254,887.0644200274677,873.5111689825768,877.349609375,1356800,COST
2024-07-10,877.8938393105145,880.7330898885092,871.2656003224192,874.8369140625,1755800,COST
2024-07-11,881.2176830089157,881.2176830089157,837.4516166574069,837.5208740234375,6021100,COST
2024-07-12,840.7855935738589,840.8944007106696,829.3988844396952,833.8704833984375,3288400,COST
2024-07-15,837.7880376057977,848.7098107693078,835.6214954624988,839.6380004882812,2064000,COST
2024-07-16,838.7179127184282,842.1210640618405,832.3271542473799,841.6561279296875,1687600,COST
2024-07-17,838.9257425682399,840.8449628250748,833.6231758067258,837.2142944335938,1783100,COST
2024-07-18,840.3304028213167,846.1375151247648,816.2709256100163,830.378173828125,2338500,COST
2024-07-19,827.5489093481777,839.7863910858308,826.6090741320799,829.1515502929688,1984400,COST
2024-07-22,836.6899477093593,840.4888384795688,829.6165175549135,838.342041015625,1920200,COST
2024-07-23,839.8062370875896,845.4253832043839,836.5217951299163,842.9818115234375,1744100,COST
2024-07-24,835.552273452075,836.9373002290968,820.6140550118625,821.919921875,2511300,COST
2024-07-25,826.8366606671026,827.6874938920854,805.5571351319932,807.209228515625,2183700,COST
2024-07-26,810.3892224571757,814.6294298092399,801.482876251879,809.992919921875,1441500,COST
2024-07-29,814.9069180577144,816.0759321084896,806.5157517692869,807.9720458984375,1320400,COST
2024-07-30,810.3893485695547,814.3521326701393,795.8063321037009,802.4935302734375,2017200,COST
2024-07-31,812.7867952059192,817.7997145460977,803.7219630883341,814.3521118164062,2135000,COST
2024-08-01,810.9340792934815,816.5017851562334,802.1466119048516,809.28955078125,1861400,COST
2024-08-02,808.6060384834691,822.5649104191882,797.5201484939566,814.4313354492188,2598500,COST
2024-08-05,790.5753685550395,803.2760978974237,785.6218888021884,794.3697509765625,2820900,COST
2024-08-06,797.5696905674811,825.3389274699505,797.5696905674811,809.2797241210938,2476300,COST
2024-08-07,816.4423720235111,826.0719674775216,801.7305623046883,802.7608642578125,1702000,COST
2024-08-08,813.8566426366594,834.9188461306024,812.8164240852352,831.6198120117188,2345000,COST
2024-08-09,830.6985802916835,849.7893112002134,829.8366796253646,846.9757080078125,1710600,COST
2024-08-12,849.2739517063403,862.1529967599215,844.4691013924897,855.53515625,1748200,COST
2024-08-13,856.8727880912601,859.9736714835605,848.1942812468212,856.7737426757812,1484100,COST
2024-08-14,856.8232263179045,858.665906326261,850.5124977705483,854.683349609375,1341500,COST
2024-08-15,864.7486527738522,872.1392653354075,860.9146648002136,869.1869506835938,1923800,COST
2024-08-16,869.1871053906087,869.1871053906087,860.538348720066,862.4900512695312,1516300,COST
2024-08-19,862.4899465640813,865.5016402493743,860.6175168522178,864.2335205078125,1318400,COST
2024-08-20,863.8868555059917,868.6025778323719,863.064560948926,868.0477905273438,1104600,COST
2024-08-21,872.5455112793674,882.8289397236075,869.0582423059323,873.2191772460938,1465500,COST
2024-08-22,874.0910307629521,875.7752259832995,865.0558884725432,869.3951416015625,1440900,COST
2024-08-23,874.2792363441631,876.3299841630298,863.5598991898189,871.02978515625,1305800,COST
2024-08-26,874.9529278808684,884.9391600179554,873.2390432317073,884.2060546875,1737000,COST
2024-08-27,884.384339909587,910.3801910776244,878.8166336975582,900.4435424804688,2098900,COST
2024-08-28,902.4843523536828,903.732578386208,873.4569143182349,879.7874755859375,1668400,COST
2024-08-29,882.7100123456739,892.0820169610205,876.9342385439327,878.3806762695312,1709900,COST
2024-08-30,882.2147572553372,887.9905316648947,874.8835829239102,884.0772705078125,1933500,COST
2024-09-03,888.3371788827071,888.5452467867718,866.3041120756425,870.3956909179688,1784200,COST
2024-09-04,869.2860817084513,883.4629368385557,868.434097793486,881.7391357421875,1425200,COST
2024-09-05,880.3621237565316,880.3621237565316,860.6175612478453,877.7367553710938,1998800,COST
2024-09-06,882.9676172153926,884.8895696359111,862.8961090679343,868.5232543945312,2074600,COST
2024-09-09,876.5082493748114,890.4671807094958,873.4965557153226,888.14892578125,1954000,COST
2024-09-10,884.2951428842831,892.3098993818937,879.2624512104155,885.9694213867188,1360800,COST
2024-09-11,886.6729224762702,893.6077944956377,869.7022951114924,892.022705078125,1796100,COST
2024-09-12,892.042426800596,907.1802898803502,888.1688322571919,906.5165405273438,1867300,COST
2024-09-13,905.1294117402448,915.234521028854,900.8991213100006,907.4773559570312,1327500,COST
2024-09-16,913.421633822406,914.04577708637,896.9265226472695,899.423095703125,1661000,COST
2024-09-17,899.9778310646741,900.1462324297037,887.1186181768223,888.9216918945312,1387000,COST
2024-09-18,891.5670122678009,896.5600986286073,882.6606643870151,884.216064453125,1338200,COST
2024-09-19,895.8467663074279,896.7086669820333,887.1682597533332,892.3594970703125,1747500,COST
2024-09-20,893.1817434209087,899.3636763947108,887.3663631065142,898.5413818359375,4658200,COST
2024-09-23,898.5414196832987,910.9449526899016,892.3991529873299,908.5474853515624,1697600,COST
2024-09-24,903.5245335157044,904.2774720378708,889.1792769305207,893.1519165039062,2432600,COST
2024-09-25,894.5983410009693,901.8898478506916,892.7457446227679,899.9678955078125,1728100,COST
2024-09-26,896.8769891550213,900.7803334326752,889.7737164592698,893.0529174804688,2738600,COST
2024-09-27,884.9490583900026,885.1768991049606,865.8682450542034,877.380126953125,3459100,COST
2024-09-30,883.0765793337399,901.5332483656856,873.2092266273636,878.271728515625,2142900,COST
2024-10-01,877.0135689795767,878.7373702170111,864.6298698976849,869.216796875,1836700,COST
2024-10-02,866.5121742558712,873.0309095995018,859.0918113339158,870.3560791015625,1317100,COST
2024-10-03,866.304107460471,872.9813880148607,864.5505564038793,867.5226440429688,1451900,COST
2024-10-04,869.8211351807363,876.0625076276386,867.5227133002763,874.8934936523438,1516400,COST
2024-10-07,873.3975208946252,879.4507190734982,864.2138106025471,865.4620971679688,1963200,COST
2024-10-08,868.5431181236887,883.0171708855254,868.5431181236887,882.1354370117188,1697900,COST
2024-10-09,883.9385434180342,901.5333131382224,879.6092069604563,900.6416625976562,1956500,COST
2024-10-10,901.5333004035044,901.5333004035044,883.5422888384182,885.3156127929688,1765800,COST
2024-10-11,886.1775005100966,886.1775005100966,877.2612372293913,880.7584228515625,1527300,COST
2024-10-14,884.1465416930639,886.8412054364451,878.0141318361727,881.4815673828125,1431500,COST
2024-10-15,883.789986319849,892.2703413260296,881.2735798802303,886.2864990234375,1613900,COST
2024-10-16,881.6401864582349,883.0371017101286,871.3171508457968,879.1238403320312,1475500,COST
2024-10-17,883.2648443350022,886.9997872704502,874.5863384765119,877.0531616210938,1321500,COST
2024-10-18,877.5188756926619,882.3237269801284,875.5275671099577,881.2835083007812,1654000,COST
2024-10-21,880.7287028420714,883.1063973178717,875.4780263809013,878.5194702148438,1184900,COST
2024-10-22,882.6902234713305,886.5638783451842,876.0822986755137,885.1768798828125,1189700,COST
2024-10-23,887.6834211277412,897.2535175787397,886.662975255795,890.8040771484375,2193500,COST
2024-10-24,893.112384018547,895.0937758854767,879.9955795342377,885.1075439453125,1649600,COST
2024-10-25,887.3168146013197,893.2312401505465,881.7193585315949,882.927978515625,1425800,COST
2024-10-28,887.6535789170819,887.6535789170819,881.7193203570833,882.67041015625,912500,COST
2024-10-29,881.719370121089,882.8784674183872,865.9574246158761,878.7373657226562,1361700,COST
2024-10-30,878.1329785010139,878.321213128234,869.2067993586295,870.9108276367188,1412200,COST
2024-10-31,869.0384909134162,869.4843161800019,860.5680527174168,866.0465698242188,1771900,COST
2024-11-01,867.2865507151091,872.3854475553421,860.4119132347095,870.30224609375,1625200,COST
2024-11-04,874.300232379311,879.9149959038726,869.727009214163,878.992431640625,1576700,COST
2024-11-05,880.9068596929146,888.4263293449787,879.7164329081296,883.0595092773438,1622300,COST
2024-11-06,891.1049157197124,892.7119709422333,879.2007670802211,892.067138671875,2437400,COST
2024-11-07,891.4421154221552,912.135478101056,887.2260630183245,906.6298217773438,2145500,COST
2024-11-08,906.6992749698494,954.3158670908044,906.451271885886,936.26123046875,3277100,COST
2024-11-11,936.261224481786,943.6815178789057,923.999966620476,925.428466796875,2181800,COST
2024-11-12,928.4739252624382,932.0550751377413,919.5954030586574,924.9324340820312,1691400,COST
2024-11-13,922.5714200176856,930.1008198607204,915.825748626006,926.2716064453124,1757600,COST
2024-11-14,919.5953976127656,923.7122728567272,914.8039612738104,916.51025390625,1859900,COST
2024-11-15,910.4094007750972,913.1969530455888,898.3266976659397,899.8246459960938,2269900,COST
2024-11-18,903.3661385259052,918.543915330896,899.8643058768836,912.165283203125,1797300,COST
2024-11-19,920.5874251898576,926.5394990596196,909.040387351089,922.7202758789062,1690500,COST
2024-11-20,917.6907721279044,921.3810288881608,909.179289485766,920.6668090820312,1452100,COST
2024-11-21,927.5314631384454,950.8338214391914,922.5714018382396,948.0165405273438,2320500,COST
2024-11-22,955.0499394207312,968.501624172839,950.8636764574612,956.309814453125,2078700,COST
2024-11-25,967.2119388902728,967.2119388902728,942.1041113908312,953.2146606445312,3240900,COST
2024-11-26,956.2998371055552,966.586999596584,953.2146934488126,963.7399291992188,1438000,COST
2024-11-27,963.7001985899458,964.523525125915,950.9330063537692,953.8693237304688,1499500,COST
2024-11-29,960.357238444402,965.4958550226908,954.7820734735382,964.116943359375,1095900,COST
2024-12-02,963.6010358591952,968.6999935208836,957.0537790160456,967.2119750976562,1955800,COST
2024-12-03,966.9044373090188,975.1480568119432,963.0058363720168,974.3048706054688,1653900,COST
2024-12-04,974.1560889209288,983.233025781147,969.7416220296336,983.0048217773438,1784700,COST
2024-12-05,978.778819211381,982.221133341746,970.386433990168,974.4140014648438,2089400,COST
2024-12-06,974.414032145577,989.7406346150636,974.414032145577,984.6813354492188,1737300,COST
2024-12-09,989.0461132793308,989.0461132793308,972.6679818373668,979.9691772460938,1855500,COST
2024-12-10,981.824237370301,987.0422313470513,978.0050145336166,985.4649658203124,1556800,COST
2024-12-11,987.0522113240344,999.7499563049092,985.6535006604996,986.7446899414062,1903600,COST
2024-12-12,993.6788778816828,994.4625458050732,979.3244888987772,980.4950561523438,2344300,COST
2024-12-13,973.1640483271856,998.6389164549896,958.0160014107062,981.4473266601562,2951900,COST
2024-12-16,981.1497756810088,1000.1964243868422,978.4911899218228,984.9392700195312,2581300,COST
2024-12-17,986.0601817270036,988.9568405590244,972.925949155,974.2354125976562,2050200,COST
2024-12-18,974.1560775133966,977.7272975703628,956.299856133314,957.033935546875,2725300,COST
2024-12-19,966.7258619421392,966.8548283777162,945.893604810509,947.1732788085938,2610800,COST
2024-12-20,941.8066690088092,954.2564125462676,935.5172837382188,946.4492797851562,5373800,COST
2024-12-23,946.2607693449694,946.637738891374,929.51559560698,942.3224487304688,1856800,COST
2024-12-24,943.145778426394,951.7167793571608,937.8980550785756,951.1612548828124,939000,COST
2024-12-26,949.1771855882828,951.746463455882,946.3797037266464,948.5026245117188,969000,COST
2024-12-27,941.1418178725072,942.8580402102476,924.5554023776886,932.1939086914062,1943400,COST
2024-12-30,923.5635169395867,926.7081792007492,908.1873251967688,914.84375,1881200,COST
2024-12-31,916.2721663073876,917.3534257855242,905.2508638644064,908.9511108398438,1742900,COST
2025-01-02,907.6912709616528,918.3752630016552,894.7951108277713,902.542724609375,1765100,COST
2025-01-03,907.0265783923252,916.827664275822,903.7231606432256,909.2586059570312,1612200,COST
2025-01-06,910.6474014494224,920.002069861148,905.9750624225164,915.3396606445312,1970400,COST
2025-01-07,916.4607390624732,923.8710424400643,909.10989345784,914.0104370117188,1888000,COST
2025-01-08,915.6075147483592,923.067466794524,908.1079040064096,919.9624633789062,1774800,COST
2025-01-10,925.9045727151838,936.737390472426,916.1233461068052,929.4559936523438,2765800,COST
2025-01-13,926.539483976704,927.5215664616074,913.6433241354864,917.3137817382812,1693800,COST
2025-01-14,916.9169152567548,920.3492994564602,902.6517741849592,909.9033813476562,1683800,COST
2025-01-15,919.8533279579042,925.418502386956,910.9648760206672,916.1233520507812,1839400,COST
2025-01-16,917.3435222312594,919.9922386879958,910.4887438237132,912.4033203125,1353000,COST
2025-01-17,922.5714826516796,936.2612409298883,917.1848628735256,935.6561279296876,2375000,COST
2025-01-21,937.6996798058012,948.9094073226236,935.9636581822518,940.1598510742188,2042400,COST
2025-01-22,943.631800255442,944.3361507553584,931.7375829765322,937.1539916992188,2155000,COST
2025-01-23,934.1680606278966,935.8544936391518,929.0095845836678,934.63427734375,1352400,COST
2025-01-24,934.6343656851678,938.4833785979108,926.1030833596794,932.1741943359376,1562400,COST
2025-01-27,922.5714229889036,959.2659476414552,919.7739410857384,957.5398559570312,3044700,COST
2025-01-28,954.1471828304628,957.9961952989082,946.4491578935716,951.0123901367188,2166400,COST
2025-01-29,950.14941489369,960.5258858518864,947.3717924285562,956.3197631835938,1713700,COST
2025-01-30,962.549553236077,978.8681682003228,962.3511386602328,971.1900024414062,1788200,COST
2025-01-31,968.4421609733724,983.0842734625136,967.9858740267898,972.0531005859376,1873800,COST
2025-02-03,964.622881712202,1001.5455514805384,961.2004270726488,997.7957763671876,2751000,COST
2025-02-04,997.3691488131726,1016.1677326717308,991.6650783273795,1013.6976318359376,2001600,COST
2025-02-05,1011.8525581472112,1034.75808852252,1011.8525581472112,1034.5498046875,2047600,COST
2025-02-06,1041.612888238977,1054.5090478076495,1035.8591686087002,1042.594970703125,2218000,COST
2025-02-07,1039.784289989863,1049.4273318611406,1028.3734864198152,1036.6163330078125,1632900,COST
2025-02-10,1044.7501268212925,1055.6743201625795,1038.7914759078628,1054.601806640625,2036900,COST
2025-02-11,1052.6055126572612,1058.653508607518,1041.810429665369,1051.0462646484375,1748500,COST
2025-02-12,1046.8852925289962,1059.6467118134592,1043.7569766784868,1057.7796630859375,1662300,COST
2025-02-13,1059.6566269928244,1070.799274392021,1057.312905664532,1069.438720703125,1623300,COST
2025-02-14,1069.0612311632524,1070.0642802706366,1060.6496327386756,1064.463134765625,1410700,COST
2025-02-18,1061.841296897687,1063.6189995651368,1038.0365198119134,1048.752197265625,2090600,COST
2025-02-19,1048.7820843796735,1055.8530111314349,1045.7431145747266,1055.2174072265625,1349600,COST
2025-02-20,1046.3786679319778,1046.3786679319778,1026.725015427664,1027.6982421875,2000500,COST
2025-02-21,1027.4799455242949,1029.0688948396455,1017.6184462486018,1027.8970947265625,1816300,COST
2025-02-24,1021.4518518192028,1031.035251827512,1018.1546637224312,1028.463134765625,1759700,COST
2025-02-25,1033.5577253738848,1049.735500623624,1030.3102413846902,1048.3848876953125,2083800,COST
2025-02-26,1042.902855246534,1051.5925536259087,1023.0804506509936,1024.8580322265625,1555700,COST
2025-02-27,1026.874103874162,1035.3453477718883,1011.8086661501264,1014.6688232421876,1629100,COST
2025-02-28,1023.5074709979822,1042.1481357441703,1016.9330979987722,1041.3834228515625,3307100,COST
2025-03-03,1044.4916900006554,1058.653423735059,1033.9647665057578,1039.6353759765625,2422500,COST
2025-03-04,1038.5231685390331,1040.708079631924,1021.6403267013632,1029.7242431640625,2536800,COST
2025-03-05,1025.960353413734,1043.7370175202575,1021.4119607119422,1040.529296875,1898600,COST
2025-03-06,1025.831377111083,1038.6822641468077,1012.0272053227012,1019.5450439453124,2594600,COST
2025-03-07,988.2918576866914,995.5117146038834,936.2827751447076,957.6643676757812,5510700,COST
2025-03-10,948.885258531764,953.0463851728626,917.6619884717544,927.9703979492188,4459900,COST
2025-03-11,924.58400967967,931.5357691509456,914.8515585427904,924.0775146484376,3204900,COST
2025-03-12,931.5356443186012,937.87168052251,916.8872959671094,920.69091796875,2331600,COST
2025-03-13,915.6459866345192,917.1356493025796,881.3539229207926,884.4822387695312,3447200,COST
2025-03-14,885.6639630449638,900.6996381448193,875.4846023671705,897.6904907226562,3186400,COST
2025-03-17,895.4162861047012,917.0263334904582,891.8112979464684,910.2930297851562,2256100,COST
2025-03-18,906.7079442077292,911.236515962324,890.6593395764806,891.8609619140625,2182000,COST
2025-03-19,896.6377787323348,903.88745747063,889.8250700869669,897.819580078125,1908500,COST
2025-03-20,895.2872462361541,901.226015228293,887.9382196363246,889.2293090820312,1891800,COST
2025-03-21,882.6250513011875,903.5002083387362,877.8680840976815,902.9937133789062,3447600,COST
2025-03-24,913.6596675019424,922.250078838938,913.6596675019424,919.6580200195312,2208100,COST
2025-03-25,920.244010802691,925.864977488545,916.1325276165386,923.8489990234376,1623000,COST
2025-03-26,927.8909827133408,932.9458704945316,917.085958537747,923.342529296875,1644700,COST
2025-03-27,923.1537884506064,936.401880410246,921.6045418608522,932.2804565429688,1547000,COST
2025-03-28,931.039109187122,932.2804946660384,919.6183627810934,923.2531127929688,2100500,COST
2025-03-31,916.003502279805,988.14291517754,915.6857002996728,939.2621459960938,3102000,COST
2025-04-01,935.925212874788,951.119759458889,932.2805219739986,947.8226928710938,2041500,COST
2025-04-02,944.2872231495434,964.199034560994,943.4529854183606,958.4290771484376,1719900,COST
2025-04-03,924.6633222351272,974.5868368401397,921.60453160214,960.4152221679688,3096900,COST
2025-04-04,948.4184942760892,957.8729053643688,907.840100785752,910.1639404296876,5167000,COST
2025-04-07,881.6319672948131,931.3569113215286,865.7025306475446,901.8715209960938,4626600,COST
2025-04-08,925.6266568687504,936.4912650105878,893.3705159640747,902.4872436523438,3545400,COST
2025-04-09,901.7424564173042,960.7927056158172,891.4836293408412,958.538330078125,5084500,COST
2025-04-10,959.8392775165664,986.5637981384364,936.392002522236,957.6643676757812,4209100,COST
2025-04-11,957.316765907472,963.5236932182928,936.66006332544,956.7705078125,2721800,COST
2025-04-14,963.3152057699076,980.3271585312748,958.3496634721246,972.5709838867188,2219900,COST
2025-04-15,978.5593354841932,987.1497473706032,967.5358565148996,970.1874389648438,1788200,COST
2025-04-16,965.4304469619124,971.905532946954,952.6292654935072,961.0806274414062,2531700,COST
2025-04-17,966.5725701704972,993.0289318116728,965.2914215444828,987.6463012695312,2711100,COST
2025-04-21,986.1566857446268,990.119178741288,936.471441153375,951.1694946289062,2841300,COST
2025-04-22,963.0668582361031,980.6448888078652,960.1173554218605,972.4815063476562,2230600,COST
2025-04-23,987.6661868656691,988.887690802877,962.3220410625036,969.1149291992188,2109700,COST
2025-04-24,966.8903365691524,971.2600378769866,954.0892150613116,968.7573852539062,2468500,COST
2025-04-25,967.2577630170908,971.577820942618,956.2442247623666,970.42578125,1780900,COST
2025-04-28,971.7565011013012,978.5096256237608,962.1035172267218,971.7962036132812,1616200,COST
2025-04-29,971.2600035462798,986.3652039502688,964.3678289083948,984.8656005859376,1523100,COST
2025-04-30,983.1773134809812,990.8838443435604,969.8199934122993,987.6463012695312,2212400,COST
2025-05-01,983.276576972486,999.4444103981658,978.2117485102732,992.1549682617188,1829900,COST
2025-05-02,1002.1885438144502,1012.3015987845512,998.9865366663176,1002.6558837890624,1547400,COST
2025-05-05,1001.8702904032735,1012.0828216441436,996.888325072748,1009.208984375,1952600,COST
2025-05-06,1002.804993320181,1010.5414115127392,997.8926436198578,1004.843505859375,1381200,COST
2025-05-07,1005.5197389234978,1008.4233767275962,995.8640704672318,1001.5123291015624,1316000,COST
2025-05-08,1007.8267816234464,1011.3071898480956,985.850513968062,1002.0692138671876,1882600,COST
2025-05-09,998.9865211016988,1005.052411797148,992.4632441732878,1002.4470825195312,1176700,COST
2025-05-12,1004.1374693535056,1011.217608822456,986.6857212543188,1010.4619140625,2069000,COST
2025-05-13,1008.0455173774424,1018.0989712257876,982.0717329470748,993.4378051757812,2917000,COST
2025-05-14,993.1693015919624,994.2631199004368,984.9754359323638,985.9896850585938,2215000,COST
2025-05-15,987.093464150095,1008.3239289083896,977.4974577090206,1004.8136596679688,2470700,COST
2025-05-16,1006.822414308201,1022.5041586131152,1003.3519598567232,1020.0877075195312,2033700,COST
2025-05-19,1012.8981662178644,1029.1964346054483,1007.2201678854548,1028.550048828125,1879800,COST
2025-05-20,1024.244296910224,1032.189561375944,1024.244296910224,1031.01611328125,2271200,COST
2025-05-21,1025.1690521497076,1033.651332928507,1018.069065832235,1019.5607299804688,1438900,COST
2025-05-22,1021.9671315061248,1023.0212562396764,1008.4432841213116,1012.4308471679688,1660900,COST
2025-05-23,1006.3351444363536,1009.4277210746536,1001.36313285317,1002.854736328125,1413900,COST
2025-05-27,1009.3182909196388,1013.2461919737398,1005.27106645017,1012.0926513671876,1868200,COST
2025-05-28,1011.3568975169316,1018.8845305865864,1007.2898258954494,1007.4688110351562,1674700,COST
2025-05-29,1010.3227080573704,1011.8441120421384,997.9821413119712,1003.0933837890624,2016700,COST
2025-05-30,996.6893977828424,1046.5984508780098,996.3910892361424,1034.357421875,5403800,COST
2025-06-02,1028.4806404991932,1054.5637973183457,1028.4806404991932,1050.9342041015625,2148000,COST
2025-06-03,1048.249393116082,1061.106949138861,1037.4203355987754,1049.6812744140625,1992900,COST
2025-06-04,1049.0945086521367,1051.9086236821838,1043.4960184092522,1045.802978515625,1422100,COST
2025-06-05,1044.1224233084365,1045.1665942865448,1000.3786754943123,1005.1517944335938,3289400,COST
2025-06-06,1014.9168798517592,1014.9168798517592,1002.9641441296558,1009.2587280273438,1855400,COST
2025-06-09,1006.7527903227592,1007.6775772067864,991.3892621797852,1000.5477294921876,1696700,COST
2025-06-10,1001.2935293352068,1005.847908993835,992.1350620402266,1001.6316528320312,2255000,COST
2025-06-11,996.8286688710313,999.8118758453438,987.8193862363474,991.2003784179688,2459800,COST
2025-06-12,993.4079135273116,997.634123369645,989.7882745312024,997.09716796875,1720100,COST
2025-06-13,993.4874577220428,997.9722217646704,983.1356958860864,984.6671142578124,1786000,COST
2025-06-16,986.7752715696158,996.2419403879832,975.946215734317,978.849853515625,2109300,COST
2025-06-17,977.497482671164,980.5801055924212,970.73555901926,972.2470092773438,1668200,COST
2025-06-18,974.5142987793846,977.1494892728728,968.617500152644,969.44287109375,1509600,COST
2025-06-20,978.4819742320778,983.1258162862754,968.448488349318,974.8026733398438,3255700,COST
2025-06-23,977.646620908702,999.2450091880507,975.7671860425796,998.857177734375,2082900,COST
2025-06-24,1000.2096241059309,1000.2096241059309,986.516685177719,996.3115234375,2385100,COST
2025-06-25,997.385585187736,999.3544824743606,980.4807447608252,981.0177001953124,1827700,COST
2025-06-26,982.200985456558,982.200985456558,971.0338668095876,977.407958984375,2262800,COST
2025-06-27,976.7417582131986,987.5807681462168,974.8126152192294,979.6255493164062,2129200,COST
2025-06-30,979.6454091933628,986.1885937625696,974.2657190928984,984.398681640625,2127600,COST
2025-07-01,984.4583427144128,991.2600816055811,969.0451060355508,980.4409790039062,2200600,COST
2025-07-02,978.3626412530656,980.1824145589328,971.4018247602772,976.861083984375,1606100,COST
2025-07-03,976.910815055242,982.1413812829926,971.8592946661064,981.4950561523438,1101400,COST
2025-07-07,979.4862971711708,987.332146138302,970.7355687869206,986.6260986328124,1832600,COST
2025-07-08,983.961079966367,990.2954177883864,978.4222518489756,980.3215942382812,1716200,COST
2025-07-09,982.8573127399098,982.8573127399098,966.8375061086704,976.5925903320312,2922600,COST
2025-07-10,981.4751275301168,982.4695298883032,963.6455005310524,964.7393188476562,2897000,COST
2025-07-11,967.8417683549133,973.4999197272268,960.2942890762577,964.8983764648438,1942000,COST
2025-07-14,965.664104757161,975.9959598144566,964.1924086904904,975.419189453125,1679300,COST
2025-07-15,973.7684251676924,974.7628274400108,961.248873854066,962.26318359375,1878000,COST
2025-07-16,962.5715178096804,964.1625979804004,944.8115064651936,946.0445556640624,2950300,COST
2025-07-17,945.0401963203284,949.4056371734318,942.2061739195998,948.5703125,2280600,COST
2025-07-18,954.5765129106652,954.8847752000868,944.334181221092,945.6268920898438,2115500,COST
2025-07-21,946.1838219650522,950.4100320964012,941.3012722720016,942.2559204101562,1742400,COST
2025-07-22,943.4888661110672,952.3390706334316,935.9811410756672,936.339111328125,1799900,COST
2025-07-23,937.1049110732404,943.190648727207,930.7606190918984,935.9215698242188,2401600,COST
2025-07-24,936.0606930654106,937.6219118912688,928.2645526696444,928.5728149414062,2057100,COST
2025-07-25,931.0588864294646,936.020944329158,929.1197897535347,930.2434692382812,1827700,COST
2025-07-28,930.2633980792148,934.9768555055024,925.6792178138594,928.7618408203124,2006300,COST
2025-07-29,928.761852682542,936.5181789700227,922.1888676339752,929.338623046875,2065900,COST
2025-07-30,929.7661789785476,932.5007853873082,919.9613865666688,922.318115234375,1699600,COST
2025-07-31,920.180154175978,940.6549254933856,919.8221838924716,934.3802490234376,2564400,COST
2025-08-01,935.535291419605,952.6825935058052,935.535291419605,948.5003662109376,2934500,COST
2025-08-04,948.5799878682698,956.1280171601062,944.6566123026016,951.3383178710938,2389900,COST
2025-08-05,947.3154063547898,947.4846719374112,931.7314250118886,939.6478881835938,2462300,COST
2025-08-06,939.6478686096772,966.4542486883591,938.681930423478,964.47265625,2753000,COST
2025-08-07,970.5668043386936,977.85592094085,966.8625320598978,973.3251342773438,1893300,COST
2025-08-08,973.0264164574102,984.0297729077544,972.8770251517262,976.8402099609376,2189700,COST
2025-08-11,979.01097478902,985.4039257357372,972.1998740646384,984.5674438476562,2290100,COST
2025-08-12,984.3284996157788,987.5647845158812,975.9141467199952,987.06689453125,1588500,COST
2025-08-13,979.807720322293,982.2374259773076,966.006163195504,974.71923828125,2352600,COST
2025-08-14,976.4618396268552,984.1193902261032,971.064729067032,971.2738647460938,1808700,COST
2025-08-15,975.008001405327,975.8643575814822,963.1382605614132,967.9379272460938,1638300,COST
2025-08-18,969.192645309082,977.1390109022688,965.9065835206632,975.2171020507812,2078500,COST
2025-08-19,974.4901845213284,984.3583980102832,972.6678901675886,976.7107543945312,1673400,COST
2025-08-20,974.8686228657992,995.0829447697053,974.8686228657992,990.3729248046876,2229600,COST
2025-08-21,984.7268750340404,985.1450856200204,963.437093583242,965.5879516601562,2145600,COST
2025-08-22,967.4400740109916,969.3918246802124,949.0878560050144,954.4949340820312,3136000,COST
2025-08-25,950.9301089003064,954.2559801285828,936.5908523145227,937.6065673828124,2284300,COST
2025-08-26,937.3675537109376,940.0660785607968,929.3116669254806,937.3675537109376,4341300,COST
2025-08-27,936.5211387935202,947.9825765176382,933.2649186879556,945.5130615234376,1893600,COST
2025-08-28,946.2796922961652,946.986717929755,940.1457146403555,940.9722290039062,2067900,COST
2025-08-29,941.0120754262842,944.6068265457892,936.4912562242732,939.3391723632812,1609000,COST
2025-09-02,934.6987954669822,940.524144730418,932.6276168990628,934.858154296875,1793900,COST
2025-09-03,935.0374349118152,946.0806620300694,932.547984872114,945.77197265625,1670500,COST
2025-09-04,949.3766389651156,955.4508724151366,947.0962639571632,951.8660888671876,1471900,COST
2025-09-05,954.6642941224036,965.4585156085484,952.1847507953564,959.4141235351562,1928500,COST
2025-09-08,959.6629899452552,968.2367014894648,954.5447272029234,967.7487182617188,1737000,COST
2025-09-09,965.906588817574,975.7349324415828,959.0456501103828,975.1175537109376,1496800,COST
2025-09-10,972.2695458434508,976.8600765707878,949.93421010161,952.2543334960938,2277500,COST
2025-09-11,953.7580444540328,961.0869704569365,950.2529402834537,960.2505493164062,1532000,COST
2025-09-12,956.237498141732,965.4783651720792,955.9487438386276,963.8154296875,1461600,COST
2025-09-15,963.7357929367682,965.6476734913564,955.66003184034,956.04833984375,2199400,COST
2025-09-16,955.052609184736,955.5306249312616,946.7876470330756,948.0523071289062,2012600,COST
2025-09-17,949.4662237081952,959.9119457572748,949.4662237081952,958.9660034179688,1556800,COST
2025-09-18,953.3298708224646,958.4780362809928,946.6581328273166,948.3410034179688,1860900,COST
2025-09-19,950.9698789865504,953.3995845639652,939.8071635532798,947.1460571289062,4606000,COST
2025-09-22,943.3820275364378,945.9909661809615,935.6447977642146,939.2794189453124,2794300,COST
2025-09-23,938.7815597949124,941.002129739628,929.560627297308,939.6179809570312,3258500,COST
2025-09-24,940.295132385524,949.635492520608,939.1300260692612,941.2809448242188,2149800,COST
2025-09-25,948.4306673638548,948.978334204993,931.6716730484704,939.3292236328124,2991500,COST
2025-09-26,921.6441806288134,923.715420077516,901.2306903235044,912.084716796875,4812900,COST
2025-09-29,912.4730006674426,913.349231083618,899.4780240604304,913.000732421875,4107000,COST
2025-09-30,912.3833949632594,926.5832270201984,909.5155437954654,921.7238159179688,3096700,COST
2025-10-01,919.1048988406222,920.1006787960292,907.324804950434,913.4688110351562,2642100,COST
2025-10-02,908.7090502147718,914.6339537344118,906.1698232142378,912.9013061523438,2063800,COST
2025-10-03,911.7262865702218,914.2256434530956,907.354797545647,911.5171508789062,2319200,COST
2025-10-06,911.6365795119692,911.9154270820036,900.4340546408501,907.0958251953124,2504000,COST
2025-10-07,904.8951223841872,913.7675560473934,900.065613788979,910.9395141601562,2601800,COST
2025-10-08,908.6890416794312,912.512863547337,907.1157530698372,910.9395141601562,2376900,COST
2025-10-09,928.3756414147282,939.7873019968866,923.366899661988,938.9110107421876,3742900,COST
2025-10-10,940.4344895806962,941.46017210922,925.0795796678726,926.0853271484376,3142500,COST
2025-10-13,925.0796240788636,932.030149060682,919.10494405252,931.6119384765624,2169600,COST
2025-10-14,936.292122007279,943.4218801373512,932.0003125949146,942.5157470703124,1925900,COST
2025-10-15,942.0077872728032,959.9318255084378,941.2709198697512,950.9598388671876,2009800,COST
2025-10-16,951.507524388348,953.8576111942444,917.272605822159,921.7138061523438,2721400,COST
2025-10-17,925.6571474143756,934.85814447245,924.2331893723008,932.378662109375,2502200,COST
2025-10-20,932.239225311434,935.833976311498,927.5690149574637,932.1595458984376,1523700,COST
2025-10-21,932.1595524576504,939.3889246039392,931.0542513020832,933.543701171875,1448200,COST
2025-10-22,936.0331774159066,948.9783171035734,928.5648275960988,940.6934204101562,2372400,COST
2025-10-23,941.4800132044212,941.4800132044212,930.546369115212,938.074462890625,1974800,COST
2025-10-24,936.033175874934,939.020515797939,926.2247674387684,928.2063598632812,1639400,COST
2025-10-27,926.2845523880588,929.26192491735,921.2160053544948,925.926025390625,1967600,COST
2025-10-28,922.9585954212404,926.7923240756604,916.316759898813,920.260009765625,2090800,COST
2025-10-29,915.12182956433,915.9981208356954,905.4627513078613,908.569580078125,2449600,COST
2025-10-30,908.8384316450666,919.1049207994917,906.5282148000176,916.2968139648438,2677100,COST
2025-10-31,913.6343234847548,917.4136469236964,907.1226517545758,908.8876953125,2456300,COST
2025-11-03,909.8350444016507,926.5778216871088,905.8263261302336,925.4310302734376,3206600,COST
2025-11-04,930.5865978064056,938.524181836892,926.3584660969998,938.0953979492188,2554500,COST
2025-11-05,937.3574271067812,942.6226129331292,924.8327388131736,932.4014282226562,2974800,COST
2025-11-06,921.761418187689,922.399633622534,905.7465686049584,920.983642578125,3247700,COST
2025-11-07,926.9168856062788,934.365856335012,918.2014048284054,920.1459350585938,2584000,COST
2025-11-10,916.4164768123272,919.408043113129,906.5143996603014,912.9861450195312,2612700,COST
2025-11-11,913.9235476650076,916.3068435367712,910.4333868174052,911.2909545898438,1663400,COST
2025-11-12,912.8963191462456,915.51893032268,909.1070142208886,911.4304809570312,1829700,COST
2025-11-13,913.7738710913252,924.1446582594108,909.1568823886912,922.4793701171876,2430600,COST
2025-11-14,924.5236115682592,926.2786735081614,912.5274016794156,920.38525390625,1739100,COST
2025-11-17,919.4280190309142,922.2999275883336,906.2551333273598,910.0245361328124,2481900,COST
2025-11-18,910.0245054011992,916.3266847222724,891.6562448597587,892.563720703125,2984700,COST
2025-11-19,892.4839685051458,892.4839685051458,871.5130590027385,888.0963134765625,3462300,COST
2025-11-20,890.9881791142635,902.0270662643331,888.4952071525561,890.7787475585938,2648300,COST
2025-11-21,892.0052982755861,902.7749245805268,889.6220025607739,896.482666015625,2870100,COST
2025-11-24,896.4727024512009,898.8260533364739,878.842412336212,883.62890625,3661200,COST
2025-11-25,884.1673146723202,893.2018419487803,882.6416475953456,891.8157958984375,2534700,COST
2025-11-26,893.5010844607134,909.436141230939,893.102184614745,905.7066650390624,1936200,COST
2025-11-28,902.4758133278528,911.629999066982,900.4614725065887,911.021728515625,1092600,COST
2025-12-01,910.6328056179476,915.9976861207776,903.6624657873696,909.3963012695312,2149400,COST
2025-12-02,909.3962900914224,920.405232170967,902.4558343604824,919.43798828125,2160600,COST
2025-12-03,918.2213615171383,923.715881214339,913.4448493620074,919.6672973632812,1886800,COST
2025-12-04,904.4801337678624,905.4075119941882,885.5833949363982,893.3414916992188,3787800,COST
2025-12-05,894.7276384412609,903.3433641615107,890.4895860998004,892.1648559570312,2359800,COST
2025-12-08,890.988132523144,891.4867268894133,880.417956303664,885.0249633789062,2407900,COST
2025-12-09,884.356825906914,886.520769334084,879.0318720214691,885.9423828125,1899500,COST
2025-12-10,885.3241173574713,887.0791792838055,868.6411691588339,871.9517822265625,3318300,COST
2025-12-11,873.397707246929,883.5092155856057,870.0970149821621,881.9934692382812,3041600,COST
2025-12-12,880.816765736516,886.1218169193212,864.6822598888124,881.9834594726562,4808900,COST
2025-12-15,879.6301524301697,884.9950327667835,849.0065249130051,858.1407470703125,4771400,COST
2025-12-16,855.0295334245739,861.1622686484181,841.6871429370814,857.9712524414062,3843300,COST
2025-12-17,856.0865568206051,866.1382366378879,855.8172963770616,860.2249145507812,2363700,COST
2025-12-18,857.8814195510622,860.7234438413901,850.1133415513011,855.1790771484375,2467500,COST
2025-12-19,854.1619410570643,856.0366607018907,846.9323229059354,853.214599609375,10097600,COST
2025-12-22,851.5992288028492,853.095011991613,844.9280333464197,847.6104736328125,2373300,COST
2025-12-23,846.712956380788,852.5764311905995,844.4194343930145,852.386962890625,1903300,COST
2025-12-24,856.1862635988776,873.5373727454145,855.9369664034595,869.4089965820312,1822200,COST
2025-12-26,868.1924328155329,875.1229068399282,866.5570286490303,870.894775390625,1324100,COST
2025-12-29,870.8349596995871,872.0415800230837,863.2563493872968,865.4003295898438,1792500,COST
2025-12-30,861.5711058668909,865.3803743098849,859.0083233988202,863.2164916992188,1680800,COST
2025-12-31,862.1494645410849,865.5598330164696,858.9185827366601,859.915771484375,1490000,COST
2026-01-02,858.7191261610942,860.6735771387868,850.1034008403352,852.0977783203125,2373400,COST
2026-01-05,861.5212425858332,876.299587333437,858.4299209073444,873.278076171875,2805600,COST
2026-01-06,873.4874687578451,891.5665050646708,868.8505168787445,886.6004638671875,2742300,COST
2026-01-07,889.4923780743975,891.0878557524205,877.1471762988531,880.098876953125,2680100,COST
2026-01-08,898.5966874815377,929.050809464413,893.4811044141879,912.73681640625,5207200,COST
2026-01-09,913.3949821045207,927.2359673082336,908.7680723988286,922.2799682617188,2895400,COST
2026-01-12,917.812538700902,942.1738522639666,914.4220726466424,940.4287719726562,3246400,COST
2026-01-13,935.3830012290384,940.2492871485848,926.9866282177431,939.281982421875,2222100,COST
2026-01-14,935.6921176439744,952.923507241607,935.6521911421077,948.3065185546876,2894900,COST
2026-01-15,951.8564937641298,955.5860306822914,947.3292789105368,954.060302734375,2185900,COST
2026-01-16,959.2956026893196,962.2672057660054,948.326526151292,960.9010620117188,3862900,COST
2026-01-20,955.6857805205492,967.1734146544444,951.447728238032,961.5492553710938,3209900,COST
2026-01-21,956.9023036795116,986.8578927925446,956.9023036795116,980.096923828125,4073700,COST
2026-01-22,975.1409165053886,981.2337251303946,968.8286947074148,973.4257202148438,2074400,COST
2026-01-23,968.709043123902,982.0813175006098,968.2802592644156,980.48583984375,1680600,COST
2026-01-26,983.6568919827744,990.2084293780584,973.6052123345992,974.9215087890624,2458700,COST
2026-01-27,974.9314671896556,975.2505748858846,959.0063924359404,967.5523071289062,2077900,COST
2026-01-28,966.7844788756444,967.3727861570547,952.9235308460756,958.0790405273438,2474800,COST
2026-01-29,955.2968198080476,957.6003233352076,945.843490142856,950.211181640625,1825000,COST
2026-01-30,947.4552194382504,949.7418794251048,928.9520390398108,938.8876342773438,2396300,COST
2026-02-02,942.8618667440954,968.9140912372628,929.9206837534902,966.9569091796876,2451300,COST
2026-02-03,962.952706334824,989.2146484066257,962.8828613925772,976.5030517578124,2960700,COST
2026-02-04,981.8852694270164,993.15888928721,973.7770394556126,976.9324340820312,2631500,COST
2026-02-05,994.0575914763876,999.4997070043016,985.8994462889711,987.8565673828124,2988800,COST
2026-02-06,986.7182525143252,999.9190682489734,982.0749657151237,999.7093505859376,2358600,COST
2026-02-09,999.869168286569,1008.1571300077384,991.2416723838332,996.1445922851562,1861700,COST
2026-02-10,994.5668791266988,996.0047951316004,967.5960044824766,969.82275390625,1781500,COST
2026-02-11,971.8797689631986,988.136209971488,965.7187257996974,976.7227783203124,1769400,COST
2026-02-12,977.3318720829324,1007.7477599993804,976.722770549767,997.4127197265624,2970400,COST
2026-02-13,998.5510682231246,1021.3979215398074,992.3201193088876,1017.0042724609376,2661600,COST
2026-02-17,1020.8587478832064,1026.9498242051018,1009.015885639592,1010.5836181640624,1732200,COST
2026-02-18,1008.5365937949512,1014.5279002927432,992.0605009260238,994.6367797851562,1926800,COST
2026-02-19,990.872217497658,1006.39967456691,982.6840864709836,986.3887329101562,1750000,COST
2026-02-20,981.705493363883,985.9393400415574,976.3931944929476,983.8424072265624,1662200,COST
2026-02-23,980.3774523181328,989.8736829776,976.6428809764552,984.5913696289062,1489300,COST
2026-02-24,984.9508091994448,997.4326975731408,983.6127239492276,996.9833374023438,1671100,COST
2026-02-25,996.2344165878088,1001.0474400220196,990.0034677101194,993.3186645507812,1554600,COST
2026-02-26,995.4755456195096,1004.0631216481692,982.1049927090436,985.310302734375,1804400,COST
2026-02-27,989.0948454620902,1012.7205375550792,988.1462097324217,1009.325439453125,3935000,COST
2026-03-02,1009.4452370405662,1019.3409122909324,1001.0374540822264,1001.3170776367188,1986900,COST
2026-03-03,1001.087351000773,1014.27823235524,999.180145305591,1006.309814453125,1947100,COST
2026-03-04,1003.5438418961846,1012.5308016743594,995.5554332044736,1005.2813110351562,1806600,COST
2026-03-05,995.0561718234956,997.8021873503542,977.3918004146708,981.1463623046876,2766000,COST
2026-03-06,965.6088896459528,1001.0474577245462,959.0683922611364,996.65380859375,2708900,COST
2026-03-09,998.18161625731,1005.9503119306892,986.5584671138444,1003.8433837890624,2348200,COST
2026-03-10,999.050320866624,1008.6363865232382,994.556841162576,995.9148559570312,1613400,COST
2026-03-11,994.8763980094772,995.9448549557763,986.4586198991574,990.7922973632812,1260500,COST
2026-03-12,987.1775637172664,1004.7520992068786,982.5742578883156,1001.8662719726562,1669200,COST
2026-03-13,1004.4425694956371,1011.3625212611244,1000.5481958516576,1006.9688720703124,1469700,COST
2026-03-16,1009.0358300815452,1011.1827392050872,993.987658533076,1000.2885131835938,1243400,COST
2026-03-17,1005.031663457138,1006.6393160634452,993.3086835679125,994.7166137695312,1210400,COST
2026-03-18,988.9349926705112,992.539747312503,976.7227329041068,978.5001220703124,1434400,COST
2026-03-19,984.4115868414918,987.3572636603498,969.0038906181164,973.3676147460938,1340200,COST
2026-03-20,973.6672191255122,979.3389820335316,969.1337581466904,970.9212036132812,2621600,COST
2026-03-23,984.2417989022864,985.2104251155546,963.1324759708776,964.3306884765624,1779100,COST
2026-03-24,960.6660264130286,979.8582093999556,959.6075647316304,972.4089965820312,1259300,COST
2026-03-25,976.5829748437684,979.388900994152,966.6473792191524,973.447509765625,1067100,COST
2026-03-26,974.2763065989756,985.7596440297708,971.3105781962925,978.2305908203124,1498300,COST
2026-03-27,980.5971483901995,985.6797392432704,976.6927795479636,982.4344482421876,1540900,COST
2026-03-30,986.2189935773644,1004.0830259891524,983.5828041122184,995.1360473632812,2129100,COST
2026-03-31,995.555387461426,1007.1385551535036,984.4215189802362,994.9862060546876,2447900,COST
2026-04-01,993.5882764241476,1001.6765155169884,989.1547073426264,995.1160278320312,1769800,COST
2026-04-02,1006.5395033587196,1014.5279121155348,997.7622611779888,1013.4894409179688,1828600,COST
2026-04-06,1013.4893935828142,1019.2110715847004,1002.5552474182596,1017.0741577148438,1448600,COST
2026-04-07,1018.7817161563624,1019.3808224148088,1003.3940101624592,1011.741943359375,1428500,COST
2026-04-08,1002.9846306949294,1028.9668878725297,998.551061543806,1028.7772216796875,2265700,COST
2026-04-09,1027.9983092993375,1034.3190935555074,1023.5747964142464,1030.53466796875,1433300,COST
2026-04-10,1025.0226653129753,1027.509047717785,994.0575869806172,997.0232543945312,2333000,COST
2026-04-13,997.0232365792152,998.6009643016196,977.940940661213,979.4287719726562,2255500,COST
2026-04-14,972.2692009167728,976.1934993179242,964.600335993906,973.3875732421876,2136500,COST
2026-04-15,968.9041010441628,983.9522732117586,966.897003611432,983.3231811523438,2346200,COST
2026-04-16,983.5727822938512,994.3072060600024,980.187679613871,985.7796020507812,1484300,COST
2026-04-17,983.5727833957324,999.2200612705608,975.5843750026704,998.4412231445312,2346500,COST
2026-04-20,1002.3954668070768,1009.8346844647018,992.6995749274732,996.3942260742188,1475400,COST
2026-04-21,992.9292343193174,1005.0416638171132,985.2703645871046,1004.3526611328124,1367100,COST
2026-04-22,1003.5238412245176,1006.6493109692844,996.8435320857524,1002.2457275390624,1215200,COST
2026-04-23,1006.1200823458264,1015.1269713580332,1005.5708914585864,1012.9102172851562,1570700,COST
2026-04-24,1010.533680552328,1011.9815917898942,1001.0474454088032,1009.6849365234376,1695200,COST
2026-04-27,1007.168572349732,1012.9401658520076,995.1859594890318,996.56396484375,1620400,COST
2026-04-28,1009.0158553801372,1011.1827550614908,984.5713449397556,992.5597534179688,1776000,COST
2026-04-29,986.9378977858162,997.522514551854,983.6926068688012,997.2229614257812,1516900,COST
2026-04-30,995.0062379640076,1016.2154531966796,994.8764214475948,1013.06005859375,2049300,COST
2026-05-01,1015.3800048828124,1031.27001953125,1006.3200073242188,1011.7000122070312,1509700,COST
2026-05-04,1007.02001953125,1024.719970703125,1002.2100219726562,1012.7899780273438,1479400,COST
2026-05-05,1010.510009765625,1020.780029296875,1009.0700073242188,1016.4199829101562,1456300,COST
2026-05-06,1011.3099975585938,1012.22998046875,992.4199829101562,995.75,2619100,COST
2026-05-07,993.5,1012.6599731445312,990.6599731445312,1012.0599975585938,2014000,COST
2026-05-08,1011.739990234375,1016.0,1005.1099853515624,1008.7899780273438,1805200,COST
2026-05-11,1005.8200073242188,1007.0,985.1500244140624,999.469970703125,2053500,COST
2026-05-12,1002.5399780273438,1026.0,1001.1400146484376,1021.8800048828124,2143200,COST
2026-05-13,1017.9400024414062,1042.52001953125,1017.9400024414062,1033.0799560546875,1654600,COST
2026-05-14,1034.949951171875,1041.7900390625,1026.0999755859375,1041.25,1606600,COST
2026-05-15,1049.3599853515625,1057.5,1039.219970703125,1048.949951171875,1967000,COST
2026-05-18,1050.0,1079.8299560546875,1045.0,1076.469970703125,2294200,COST
